Date,Name,Year,Letterboxd URI,Rating,Rewatch,Tags,Watched Date
2022-09-12,The Shining,1980,https://boxd.it/3dutbN,5,,80s,2022-07-01
2022-09-12,American Psycho,2000,https://boxd.it/3dutmr,3.5,,00s,2022-07-01
2022-10-16,Spree,2020,https://boxd.it/3kmFGF,2.5,,'20s,2022-07-02
2022-09-12,A Clockwork Orange,1971,https://boxd.it/3dutD3,5,,70s,2022-07-29
2022-09-12,2001: A Space Odyssey,1968,https://boxd.it/3dutZj,5,,60s,2022-07-29
2022-09-12,Blade Runner,1982,https://boxd.it/3duunZ,5,,80s,2022-07-30
2022-09-12,Blade Runner 2049,2017,https://boxd.it/3duutN,3.5,,'10s,2022-07-30
2022-09-12,Everything Everywhere All at Once,2022,https://boxd.it/3duyiJ,5,,'20s,2022-07-31
2022-09-12,The Witch,2015,https://boxd.it/3duyZX,4.5,,'10s,2022-08-20
2022-09-16,The Shining,1980,https://boxd.it/3efxk9,5,Yes,80s,2022-08-20
2022-09-12,Us,2019,https://boxd.it/3duzwH,4,,'10s,2022-08-26
2022-09-12,Nope,2022,https://boxd.it/3duzTr,3.5,,'20s,2022-09-07
2022-12-20,Nathan for You: Finding Frances,2017,https://boxd.it/3ypCHR,4.5,,'10s,2022-09-07
2022-09-12,The Truman Show,1998,https://boxd.it/3duzOh,4,,90s,2022-09-08
2022-09-12,Midsommar,2019,https://boxd.it/3duzZp,4,,'10s,2022-09-10
2022-09-12,Hereditary,2018,https://boxd.it/3duA3L,4.5,,'10s,2022-09-10
2022-09-12,The Killing of a Sacred Deer,2017,https://boxd.it/3duA7t,4,,'10s,2022-09-10
2022-09-12,Get Out,2017,https://boxd.it/3dzVZr,4.5,Yes,'10s,2022-09-10
2022-09-12,The Lighthouse,2019,https://boxd.it/3dvV5F,5,,'10s,2022-09-11
2022-09-12,The Lobster,2015,https://boxd.it/3dBVqv,3,,'10s,2022-09-11
2022-09-13,The Lighthouse,2019,https://boxd.it/3dN4aX,5,Yes,'10s,2022-09-12
2022-10-11,Men,2022,https://boxd.it/3jktld,3,,'20s,2022-10-10
2022-10-11,mother!,2017,https://boxd.it/3jmCsV,4,,'10s,2022-10-10
2022-10-11,Green Room,2015,https://boxd.it/3jpmhN,3.5,,'10s,2022-10-10
2022-10-12,X,2022,https://boxd.it/3jwWsL,4,,'20s,2022-10-11
2022-10-12,Good Time,2017,https://boxd.it/3jBbTZ,4.5,,'10s,2022-10-11
2022-10-14,mother!,2017,https://boxd.it/3jWwVJ,4,Yes,"w/ mav, '10s",2022-10-13
2022-10-15,Ex Machina,2015,https://boxd.it/3k51Id,4.5,,'10s,2022-10-14
2022-10-15,A Ghost Story,2017,https://boxd.it/3kcJCd,4,,'10s,2022-10-14
2022-10-15,Suspiria,1977,https://boxd.it/3keju7,3,,70s,2022-10-14
2022-10-16,Uncut Gems,2019,https://boxd.it/3kqIjx,3.5,Yes,'10s,2022-10-15
2022-10-17,Rosemary's Baby,1968,https://boxd.it/3kyvuN,4,,60s,2022-10-16
2022-10-18,Stalker,1979,https://boxd.it/3kQWTh,3,,70s,2022-10-17
2022-10-19,The White Ribbon,2009,https://boxd.it/3l7vmJ,4,,00s,2022-10-18
2022-10-21,Parasite,2019,https://boxd.it/3lp9TH,5,Yes,"w/ mav, '10s",2022-10-20
2022-10-22,Psycho,1960,https://boxd.it/3lDZoJ,5,,60s,2022-10-21
2023-04-25,Barbarian,2022,https://boxd.it/4agd8h,3,,'20s,2022-10-29
2022-11-04,Everything Everywhere All at Once,2022,https://boxd.it/3otw5P,4.5,Yes,"w/ mav, '20s",2022-11-03
2022-11-07,On the Count of Three,2021,https://boxd.it/3pdFnZ,2.5,,'20s,2022-11-06
2022-11-08,Good Time,2017,https://boxd.it/3pn38H,4.5,Yes,'10s,2022-11-07
2022-11-09,Being John Malkovich,1999,https://boxd.it/3pDeMl,3.5,,90s,2022-11-08
2022-11-10,The Green Knight,2021,https://boxd.it/3pKcpt,3.5,,'20s,2022-11-09
2022-11-12,Hereditary,2018,https://boxd.it/3qfQFD,4.5,Yes,'10s,2022-11-11
2022-11-12,Saint Maud,2019,https://boxd.it/3qfQVh,3,,'10s,2022-11-11
2022-11-12,The Exorcist,1973,https://boxd.it/3qfRcR,4,,70s,2022-11-11
2022-11-15,The Vanishing,1988,https://boxd.it/3qP1Mb,4.5,,80s,2022-11-14
2022-11-16,The Northman,2022,https://boxd.it/3qZb1T,4,,'20s,2022-11-14
2022-11-19,The Wicker Man,1973,https://boxd.it/3rFmAp,4,,70s,2022-11-18
2022-11-19,Alien,1979,https://boxd.it/3rHbJp,4.5,,70s,2022-11-18
2022-11-20,Breathless,1960,https://boxd.it/3rN58T,3,,60s,2022-11-19
2023-04-25,Blow-Up,1966,https://boxd.it/4agdwD,2,,60s,2022-12-05
2022-12-08,Annihilation,2018,https://boxd.it/3vD3iN,3.5,,'10s,2022-12-07
2022-12-09,Bacurau,2019,https://boxd.it/3vOGN3,4.5,,'10s,2022-12-08
2022-12-09,Possession,1981,https://boxd.it/3vPZdF,4.5,,80s,2022-12-08
2022-12-10,10 Cloverfield Lane,2016,https://boxd.it/3w138r,3,,'10s,2022-12-09
2022-12-11,Fresh,2022,https://boxd.it/3w65z5,2.5,,'20s,2022-12-10
2022-12-12,The King of Comedy,1982,https://boxd.it/3wuJ5R,4,,80s,2022-12-11
2022-12-16,Enemy,2013,https://boxd.it/3xieIX,4,,'10s,2022-12-15
2022-12-19,After Hours,1985,https://boxd.it/3y8O73,4,,80s,2022-12-18
2022-12-20,Oldboy,2003,https://boxd.it/3yp4pf,4,,00s,2022-12-19
2023-01-05,The Grand Budapest Hotel,2014,https://boxd.it/3EbQaN,4.5,,'10s,2023-01-04
2023-01-07,Full Metal Jacket,1987,https://boxd.it/3EWvWb,4,,80s,2023-01-06
2023-01-08,Vertigo,1958,https://boxd.it/3FasI9,5,,50s,2023-01-07
2023-01-08,North by Northwest,1959,https://boxd.it/3FtQqh,5,,50s,2023-01-07
2023-01-25,Fantastic Planet,1973,https://boxd.it/3L71xr,3.5,,70s,2023-01-07
2023-01-09,Interstellar,2014,https://boxd.it/3FR4QT,4.5,,'10s,2023-01-08
2023-01-10,Good Time,2017,https://boxd.it/3G652F,4.5,Yes,'10s,2023-01-09
2023-01-11,The Menu,2022,https://boxd.it/3Gqyt1,3.5,,'20s,2023-01-10
2023-01-12,Bram Stoker's Dracula,1992,https://boxd.it/3GLXh7,3,,"w/ mav, 90s",2023-01-11
2023-01-23,Vertigo,1958,https://boxd.it/3KuQcB,5,Yes,"w/ mav, 50s",2023-01-22
2023-01-25,The Banshees of Inisherin,2022,https://boxd.it/3L1cLH,4,,'20s,2023-01-24
2023-01-25,The Holy Mountain,1973,https://boxd.it/3L9YdT,5,,70s,2023-01-24
2023-01-31,Rear Window,1954,https://boxd.it/3MT5sP,4,,50s,2023-01-30
2023-01-31,Rope,1948,https://boxd.it/3MUIAP,3.5,,40s,2023-01-30
2023-02-01,The Birds,1963,https://boxd.it/3NbQgH,3.5,,60s,2023-01-31
2023-02-02,Dial M for Murder,1954,https://boxd.it/3NDsp7,4,,50s,2023-02-01
2023-02-04,Eyes Wide Shut,1999,https://boxd.it/3O32Jn,4,,90s,2023-02-03
2023-02-04,Frenzy,1972,https://boxd.it/3O9mxj,3.5,,70s,2023-02-03
2023-02-06,Ex Machina,2015,https://boxd.it/3OI8jd,4.5,Yes,'10s,2023-02-05
2023-02-12,Pearl,2022,https://boxd.it/3QmdAR,4,,"w/ mav, cinema, '20s",2023-02-11
2023-02-12,The Batman,2022,https://boxd.it/3Qs0U7,5,Yes,"w/ mav, '20s",2023-02-11
2023-02-13,X,2022,https://boxd.it/3QBVUB,4,Yes,'20s,2023-02-11
2023-02-14,Triangle of Sadness,2022,https://boxd.it/3R32vR,4,,"w/ mav, cinema, '20s",2023-02-13
2023-02-15,Bodies Bodies Bodies,2022,https://boxd.it/3RjpDV,2.5,,'20s,2023-02-14
2023-04-14,Circle,2015,https://boxd.it/47hnwj,1,,'10s,2023-02-27
2023-03-06,Infinity Pool,2023,https://boxd.it/3WrQ03,2,,"w/ mav, '20s",2023-03-04
2023-03-19,Diabolique,1955,https://boxd.it/40cyAX,4.5,,"w/ mav, 50s",2023-03-18
2023-03-20,Blade Runner,1982,https://boxd.it/40jLaR,5,Yes,"w/ mav, 80s",2023-03-18
2023-03-21,Hour of the Wolf,1968,https://boxd.it/40IjpJ,3,,60s,2023-03-20
2023-03-27,Frenzy,1972,https://boxd.it/42enlz,3.5,Yes,"w/ mav, 70s",2023-03-25
2023-03-27,North by Northwest,1959,https://boxd.it/42enEL,5,Yes,"w/ mav, 50s",2023-03-26
2023-04-07,Nightcrawler,2014,https://boxd.it/459Gn7,3.5,,'10s,2023-04-06
2023-04-09,Get Out,2017,https://boxd.it/45XC0D,4.5,Yes,"w/ mav, '10s",2023-04-08
2023-04-09,Scream,1996,https://boxd.it/45ZMsr,4,,"w/ mav, 90s",2023-04-08
2023-04-10,Scream 2,1997,https://boxd.it/469CqP,3,,"w/ mav, 90s",2023-04-09
2023-04-10,Scream 3,2000,https://boxd.it/46cEox,2.5,,"w/ mav, 00s",2023-04-09
2023-04-10,Scream 4,2011,https://boxd.it/46g4nV,3.5,,"w/ mav, '10s",2023-04-09
2023-04-12,Cocaine Bear,2023,https://boxd.it/46SHtf,2.5,,'20s,2023-04-11
2023-04-14,Dog Day Afternoon,1975,https://boxd.it/47l0Bj,4,,70s,2023-04-13
2023-04-15,Zodiac,2007,https://boxd.it/47GWhD,4.5,,"w/ mav, 00s",2023-04-14
2023-04-17,Cure,1997,https://boxd.it/485TQF,4.5,,"w/ mav, 90s",2023-04-16
2023-04-23,Midsommar,2019,https://boxd.it/49yjCp,4.5,Yes,"w/ mav, cinema, '10s",2023-04-21
2023-04-23,Hereditary,2018,https://boxd.it/49yjKN,4.5,Yes,"w/ mav, cinema, '10s",2023-04-21
2023-04-23,Beau Is Afraid,2023,https://boxd.it/49yzdF,2,,"w/ mav, cinema, '20s",2023-04-21
2023-04-23,The Evil Dead,1981,https://boxd.it/49F84v,2,,"w/ mav, 80s",2023-04-22
2023-04-24,The Northman,2022,https://boxd.it/49TgVZ,4,Yes,"w/ mav, '20s",2023-04-23
2023-04-24,Scream,2022,https://boxd.it/4a12Zz,3.5,,"w/ mav, '20s",2023-04-23
2023-04-28,The Witch,2015,https://boxd.it/4b0xD7,4.5,Yes,'10s,2023-04-27
2023-04-29,Scream VI,2023,https://boxd.it/4bf0VR,4,,"w/ mav, '20s",2023-04-28
2023-04-30,The Lord of the Rings: The Fellowship of the Ring,2001,https://boxd.it/4bxj1T,5,Yes,"w/ mav, 00s",2023-04-29
2023-05-01,The Lord of the Rings: The Two Towers,2002,https://boxd.it/4bKBhh,4.5,Yes,"w/ mav, 00s",2023-04-30
2023-05-01,The Lord of the Rings: The Return of the King,2003,https://boxd.it/4bQoOz,5,Yes,"w/ mav, 00s",2023-04-30
2023-05-01,Good Time,2017,https://boxd.it/4bTgXp,4.5,Yes,"w/ mav, '10s",2023-04-30
2023-05-02,Pulp Fiction,1994,https://boxd.it/4c1WGh,4,,"w/ mav, cinema, 90s",2023-05-01
2023-05-12,The Social Network,2010,https://boxd.it/4eFETZ,4,,'10s,2023-05-11
2023-05-22,Strangers on a Train,1951,https://boxd.it/4hbiuP,4.5,,50s,2023-05-21
2023-05-28,Reservoir Dogs,1992,https://boxd.it/4iA5pr,3,,90s,2023-05-27
2023-05-28,Se7en,1995,https://boxd.it/4iBTn3,5,,90s,2023-05-27
2023-05-30,The Conversation,1974,https://boxd.it/4jagH9,4,,"w/ mav, cinema, 70s",2023-05-29
2023-06-01,The Man Who Knew Too Much,1956,https://boxd.it/4jz0Md,3,,50s,2023-05-31
2023-06-03,Strangers on a Train,1951,https://boxd.it/4k8PVP,5,Yes,"w/ mav, 50s",2023-06-02
2023-06-05,Memories of Murder,2003,https://boxd.it/4kEL47,4.5,,"w/ mav, 00s",2023-06-04
2023-06-05,Possession,1981,https://boxd.it/4kKuBl,4.5,Yes,"w/ mav, 80s",2023-06-04
2023-06-05,Inside,2023,https://boxd.it/4kNUaV,1.5,,'20s,2023-06-04
2023-06-07,Night of the Living Dead,1968,https://boxd.it/4ljxvb,4.5,,60s,2023-06-06
2023-06-07,M,1931,https://boxd.it/4llpjl,3.5,,30s,2023-06-06
2023-06-07,Barry Lyndon,1975,https://boxd.it/4loslZ,5,,70s,2023-06-06
2023-06-07,The Matrix,1999,https://boxd.it/4lpOJ7,3,,90s,2023-06-06
2023-06-08,Spider-Man: Into the Spider-Verse,2018,https://boxd.it/4lu0Wb,3,,'10s,2023-06-07
2023-06-10,Carrie,1976,https://boxd.it/4m7MJx,4,,"w/ mav, cinema, 70s",2023-06-09
2023-06-10,The Shining,1980,https://boxd.it/4mbeNN,5,Yes,"w/ mav, cinema, 80s",2023-06-09
2023-06-10,The Boogeyman,2023,https://boxd.it/4mbfxB,1.5,,"w/ mav, cinema, '20s",2023-06-09
2023-06-12,Spider-Man: Across the Spider-Verse,2023,https://boxd.it/4mDkx3,3.5,,"w/ mav, cinema, '20s",2023-06-11
2023-06-13,Under the Silver Lake,2018,https://boxd.it/4n1Ebz,2,,'10s,2023-06-12
2023-06-24,2001: A Space Odyssey,1968,https://boxd.it/4q0npz,5,Yes,"w/ mav, cinema, 60s",2023-06-23
2023-06-25,Ex Machina,2015,https://boxd.it/4qaSYP,4.5,Yes,"w/ mav, '10s",2023-06-24
2023-06-27,Nathan for You: Finding Frances,2017,https://boxd.it/4qV8Nv,4.5,Yes,"w/ mav, '10s",2023-06-26
2023-06-29,High and Low,1963,https://boxd.it/4rpzfb,3.5,,60s,2023-06-28
2023-07-11,Parasite,2019,https://boxd.it/4v91Pj,5,Yes,'10s,2023-07-10
2023-07-11,The Lighthouse,2019,https://boxd.it/4vahjb,5,Yes,'10s,2023-07-10
2023-07-12,The Life Aquatic with Steve Zissou,2004,https://boxd.it/4vgxGx,3,,00s,2023-07-11
2023-07-12,A Nightmare on Elm Street,1984,https://boxd.it/4viboZ,3.5,,80s,2023-07-11
2023-07-12,Studio 666,2022,https://boxd.it/4vmRIP,2.5,,'20s,2023-07-11
2023-07-12,BlacKkKlansman,2018,https://boxd.it/4vrxkX,4.5,Yes,'10s,2023-07-11
2023-07-13,Bacurau,2019,https://boxd.it/4vHbEX,4.5,Yes,"w/ mav, '10s",2023-07-12
2023-07-13,Us,2019,https://boxd.it/4vJ275,4,Yes,"w/ mav, '10s",2023-07-12
2023-07-13,Nope,2022,https://boxd.it/4vK9Bt,3.5,Yes,"w/ mav, '20s",2023-07-12
2023-07-15,Harry Potter and the Philosopher's Stone,2001,https://boxd.it/4w5J69,4,,"w/ mav, 00s",2023-07-13
2023-07-15,Harry Potter and the Chamber of Secrets,2002,https://boxd.it/4w5Jkb,4,,"w/ mav, 00s",2023-07-13
2023-07-15,Harry Potter and the Prisoner of Azkaban,2004,https://boxd.it/4w9T0D,4,,"w/ mav, 00s",2023-07-14
2023-07-16,Harry Potter and the Goblet of Fire,2005,https://boxd.it/4wvaxr,4,,"w/ mav, 00s",2023-07-14
2023-07-16,Harry Potter and the Order of the Phoenix,2007,https://boxd.it/4wvcvd,3.5,,"w/ mav, 00s",2023-07-15
2023-07-16,Harry Potter and the Half-Blood Prince,2009,https://boxd.it/4wvcRD,3,,"w/ mav, 00s",2023-07-15
2023-07-17,Harry Potter and the Deathly Hallows: Part 1,2010,https://boxd.it/4wIdMZ,3.5,,"w/ mav, '10s",2023-07-15
2023-07-17,Harry Potter and the Deathly Hallows: Part 2,2011,https://boxd.it/4wKef7,3.5,,"w/ mav, '10s",2023-07-16
2023-07-17,Jojo Rabbit,2019,https://boxd.it/4wMz7d,4,Yes,"w/ mav, '10s",2023-07-16
2023-07-17,The Silence of the Lambs,1991,https://boxd.it/4wUKEN,3,,90s,2023-07-16
2023-07-17,One Flew Over the Cuckoo's Nest,1975,https://boxd.it/4wXw1X,4.5,,70s,2023-07-16
2023-07-18,Gone Girl,2014,https://boxd.it/4x63m1,4,,'10s,2023-07-17
2023-07-18,The Godfather,1972,https://boxd.it/4xdwNT,3.5,,70s,2023-07-17
2023-12-02,The Game,1997,https://boxd.it/5fDTC3,3.5,,90s,2023-07-17
2023-07-19,Shutter Island,2010,https://boxd.it/4xyjSX,5,,'10s,2023-07-18
2023-07-19,Se7en,1995,https://boxd.it/4xAB9P,5,Yes,90s,2023-07-18
2023-07-20,Taxi Driver,1976,https://boxd.it/4xJwtX,2.5,,70s,2023-07-19
2023-07-20,Jaws,1975,https://boxd.it/4xPrid,4,,70s,2023-07-19
2023-07-20,The Invisible Man,1933,https://boxd.it/4xQHet,4,,30s,2023-07-19
2023-07-20,The Banshees of Inisherin,2022,https://boxd.it/4xTBRv,4,Yes,'20s,2023-07-19
2023-07-21,Funny Games,1997,https://boxd.it/4ybBzd,3.5,,90s,2023-07-20
2023-07-21,The Texas Chain Saw Massacre,1974,https://boxd.it/4ycJNz,4,,70s,2023-07-20
2023-07-21,Halloween,1978,https://boxd.it/4yeSkl,4.5,,70s,2023-07-20
2023-07-23,Interstellar,2014,https://boxd.it/4yNJbJ,4.5,Yes,"'10s, w/ mav, cinema",2023-07-21
2023-07-23,Dunkirk,2017,https://boxd.it/4yNJNX,3,,"'10s, w/ mav, cinema",2023-07-21
2023-07-23,Oppenheimer,2023,https://boxd.it/4yNK8h,3.5,,"'20s, w/ mav, cinema",2023-07-21
2023-07-23,Halloween,1978,https://boxd.it/4z3wsf,4.5,Yes,"70s, w/ mav",2023-07-22
2023-07-25,Decision to Leave,2022,https://boxd.it/4zTLSh,4.5,,'20s,2023-07-24
2023-07-25,The Handmaiden,2016,https://boxd.it/4A1IKZ,3.5,,'10s,2023-07-24
2023-07-27,"The French Dispatch of the Liberty, Kansas Evening Sun",2021,https://boxd.it/4AG51j,4.5,,'20s,2023-07-26
2023-07-30,Barbie,2023,https://boxd.it/4BUq91,3,,"w/ mav, '20s, cinema",2023-07-29
2023-07-30,Psycho,1960,https://boxd.it/4BUClj,5,Yes,"w/ mav, cinema, 60s",2023-07-29
2023-07-31,Double Indemnity,1944,https://boxd.it/4Cfj3x,3,,"w/ mav, 40s",2023-07-30
2023-07-31,North by Northwest,1959,https://boxd.it/4CptBf,5,Yes,50s,2023-07-30
2023-08-01,To Catch a Thief,1955,https://boxd.it/4CA0Bn,3.5,,50s,2023-07-31
2023-08-01,Spirited Away,2001,https://boxd.it/4CDpPF,4.5,,00s,2023-07-31
2023-08-01,Her,2013,https://boxd.it/4CJQdZ,4,,'10s,2023-07-31
2023-08-03,Joker,2019,https://boxd.it/4Dkj6v,4,Yes,"w/ mav, '10s",2023-08-02
2023-08-03,The Wicker Man,1973,https://boxd.it/4DrDfV,4,Yes,"w/ mav, 70s, cinema",2023-08-02
2023-08-07,Parasite,2019,https://boxd.it/4EJTCL,5,Yes,"w/ mav, '10s",2023-08-06
2023-08-11,Alien,1979,https://boxd.it/4FZqdX,4.5,Yes,"w/ mav, 70s",2023-08-10
2023-08-28,The Texas Chain Saw Massacre,1974,https://boxd.it/4LeUK3,4,Yes,"w/ mav, 70s",2023-08-26
2023-08-28,One Flew Over the Cuckoo's Nest,1975,https://boxd.it/4LeUUn,5,Yes,"w/ mav, 70s",2023-08-26
2023-08-28,The Wailing,2016,https://boxd.it/4LkWQJ,4,,"w/ mav, '10s",2023-08-27
2023-08-29,Monty Python and the Holy Grail,1975,https://boxd.it/4LNxqz,4.5,,70s,2023-08-28
2023-09-03,The Lighthouse,2019,https://boxd.it/4NdSDZ,5,Yes,"w/ mav, '10s",2023-09-02
2023-09-10,The Lord of the Rings: The Fellowship of the Ring,2001,https://boxd.it/4P4iPF,5,Yes,"w/ mav, cinema, 00s",2023-09-08
2023-09-17,Oldboy,2003,https://boxd.it/4Rc979,4,Yes,"w/ mav, cinema, 00s",2023-09-16
2023-09-18,Fallen Angels,1995,https://boxd.it/4RvQ25,3,,"w/ mav, 90s",2023-09-17
2023-09-18,Monty Python and the Holy Grail,1975,https://boxd.it/4RBtQj,5,Yes,"w/ mav, 70s",2023-09-17
2023-10-02,Dial M for Murder,1954,https://boxd.it/4Vyou3,4.5,Yes,"w/ mav, 50s",2023-10-01
2023-10-02,The Tenant,1976,https://boxd.it/4VETXH,3.5,,"w/ mav, 70s",2023-10-01
2023-10-07,Enemy,2013,https://boxd.it/4Xf15T,4,Yes,"w/ mav, '10s",2023-10-06
2023-10-13,House,1977,https://boxd.it/4Z6Vcr,3,,"w/ mav, cinema, 70s",2023-10-11
2023-10-13,Talk to Me,2022,https://boxd.it/4Zc8UV,3,,"w/ mav, '20s",2023-10-12
2023-10-13,The Killing,1956,https://boxd.it/4Zgr93,3.5,,50s,2023-10-12
2023-10-14,The Social Network,2010,https://boxd.it/4ZvtIJ,4,Yes,"w/ mav, '10s",2023-10-13
2023-10-14,Se7en,1995,https://boxd.it/4ZzP9f,5,Yes,"w/ mav, 90s",2023-10-13
2023-10-15,Mulholland Drive,2001,https://boxd.it/501OoJ,4,,"w/ mav, 00s",2023-10-14
2023-10-16,Blue Velvet,1986,https://boxd.it/50dlZb,3,,"w/ mav, 80s",2023-10-15
2023-10-16,No Country for Old Men,2007,https://boxd.it/50hHA1,4,,"w/ mav, 00s",2023-10-15
2023-10-16,Dr. Strangelove or: How I Learned to Stop Worrying and Love the Bomb,1964,https://boxd.it/50mu9V,4,,60s,2023-10-15
2023-10-20,Citizen Kane,1941,https://boxd.it/51rPAH,4,,40s,2023-10-19
2023-10-22,Killers of the Flower Moon,2023,https://boxd.it/52dKi5,4.5,,"w/ mav, '20s, cinema",2023-10-21
2023-10-22,Annihilation,2018,https://boxd.it/52gY5v,3,Yes,"w/ mav, '10s",2023-10-21
2023-10-23,Arrival,2016,https://boxd.it/52nezN,4,,"w/ mav, '10s",2023-10-21
2023-10-23,Invasion of the Body Snatchers,1978,https://boxd.it/52rrkz,3,,"w/ mav, 70s",2023-10-22
2023-10-23,The Thing,1982,https://boxd.it/52zl5f,4.5,,"w/ mav, 80s",2023-10-22
2023-10-24,mother!,2017,https://boxd.it/52RfSh,4,Yes,"w/ mav, '10s",2023-10-23
2023-10-24,Chinatown,1974,https://boxd.it/52Wpdj,4,,70s,2023-10-23
2023-10-24,Prisoners,2013,https://boxd.it/52YrVV,5,,'10s,2023-10-23
2023-10-25,A Wolf at the Door,2013,https://boxd.it/53d4Kl,3.5,,'10s,2023-10-24
2023-10-28,Gone Girl,2014,https://boxd.it/53V8kJ,4,Yes,'10s,2023-10-26
2023-10-28,Prisoners,2013,https://boxd.it/54bfSv,5,Yes,"w/ mav, '10s",2023-10-27
2023-10-29,Dracula,1931,https://boxd.it/54ybyR,4,,30s,2023-10-28
2023-10-29,Frankenstein,1931,https://boxd.it/54yYor,3.5,,30s,2023-10-28
2023-10-29,Bride of Frankenstein,1935,https://boxd.it/54AqXh,4.5,,30s,2023-10-28
2023-10-30,Dracula,1958,https://boxd.it/54U62v,3,,50s,2023-10-29
2023-11-01,The Shining,1980,https://boxd.it/55PczJ,5,Yes,80s,2023-10-31
2023-11-03,Nosferatu,1922,https://boxd.it/56oB8t,4,,"w/ mav, 20s",2023-11-02
2023-11-04,Shadow of the Vampire,2000,https://boxd.it/56v1OH,3.5,,00s,2023-11-02
2023-11-04,The Invisible Man,1933,https://boxd.it/56E91B,4,Yes,"w/ mav, 30s",2023-11-03
2023-11-04,The Cabinet of Dr. Caligari,1920,https://boxd.it/56GP5p,5,,20s,2023-11-03
2023-11-05,The Cabinet of Dr. Caligari,1920,https://boxd.it/56YgbD,5,Yes,"w/ mav, 20s",2023-11-04
2023-11-09,Nosferatu the Vampyre,1979,https://boxd.it/589tDr,4,,70s,2023-11-08
2023-11-12,The Killer,2023,https://boxd.it/593XRv,3,,"w/ mav, '20s",2023-11-11
2023-11-14,Night of the Living Dead,1968,https://boxd.it/59ONsT,4.5,Yes,"w/ mav, cinema, 60s",2023-11-12
2023-12-02,Once Upon a Time... in Hollywood,2019,https://boxd.it/5fCw75,4,,"cinema, w/ mav, '10s",2023-11-30
2023-12-02,The Truman Show,1998,https://boxd.it/5fP2Ep,4,Yes,"w/ mav, 90s",2023-12-01
2023-12-03,Amadeus,1984,https://boxd.it/5g3mf3,5,,"w/ mav, 80s",2023-12-02
2023-12-03,Barry Lyndon,1975,https://boxd.it/5gfOEJ,5,Yes,"w/ mav, 70s",2023-12-02
2023-12-05,Scarface,1983,https://boxd.it/5gR6r3,5,,80s,2023-12-04
2023-12-11,Lolita,1962,https://boxd.it/5iIdG5,3.5,,"w/ mav, 60s",2023-12-09
2023-12-11,Rebecca,1940,https://boxd.it/5iMy6Z,3.5,,"w/ mav, 40s",2023-12-10
2023-12-27,Dream Scenario,2023,https://boxd.it/5pvD7H,3.5,,"w/ mav, '20s",2023-12-26
2023-12-31,The Graduate,1967,https://boxd.it/5rpExR,3.5,,"w/ mav, 60s",2023-12-29
2023-12-31,Dog Day Afternoon,1975,https://boxd.it/5rK3nR,4,Yes,"w/ mav, 70s",2023-12-30
2023-12-31,Clue,1985,https://boxd.it/5rP5L7,4,,"w/ mav, 80s",2023-12-30
2024-01-01,Lady Vengeance,2005,https://boxd.it/5scIZ9,2.5,,"w/ mav, 00s",2023-12-31
2024-01-01,Chungking Express,1994,https://boxd.it/5sjAHP,4.5,,"w/ mav, 90s",2023-12-31
2024-01-02,The Housemaid,1960,https://boxd.it/5sJuoT,2,,"w/ mav, 60s",2024-01-01
2024-01-03,The Hobbit: An Unexpected Journey,2012,https://boxd.it/5tmSwF,4,Yes,"w/ mav, '10s",2024-01-01
2024-01-03,The Hobbit: The Desolation of Smaug,2013,https://boxd.it/5tmSQP,3.5,Yes,"w/ mav, '10s",2024-01-02
2024-01-03,The Hobbit: The Battle of the Five Armies,2014,https://boxd.it/5ts1YN,3.5,Yes,"w/ mav, '10s",2024-01-02
2024-01-05,Charcoal,2022,https://boxd.it/5uUYa3,4,,'20s,2024-01-04
2024-01-05,Bingo: The King of the Mornings,2017,https://boxd.it/5v02SX,3.5,,'10s,2024-01-04
2024-01-07,Nathan for You: Finding Frances,2017,https://boxd.it/5w0X79,4.5,Yes,'10s,2024-01-06
2024-01-07,Embrace of the Serpent,2015,https://boxd.it/5wmkOn,4,,'10s,2024-01-06
2024-01-07,Neighboring Sounds,2012,https://boxd.it/5wtjrh,2.5,,'10s,2024-01-06
2024-01-07,Reflections of a Blender,2010,https://boxd.it/5wysLl,3.5,,'10s,2024-01-06
2024-01-11,PlayTime,1967,https://boxd.it/5yNUVV,5,,60s,2024-01-10
2024-01-13,The King of Comedy,1982,https://boxd.it/5zHl29,4,Yes,"w/ mav, 80s",2024-01-12
2024-01-15,Society of the Snow,2023,https://boxd.it/5AHmAF,4,,"w/ mav, '20s",2024-01-13
2024-01-15,Godzilla Minus One,2023,https://boxd.it/5ARSBP,4,,"w/ mav, '20s, cinema",2024-01-14
2024-01-15,PlayTime,1967,https://boxd.it/5B4o9R,5,Yes,"w/ mav, 60s",2024-01-14
2024-01-21,Fallen Leaves,2023,https://boxd.it/5DRTAP,2,,"w/ mav, '20s",2024-01-20
2024-01-22,When Evil Lurks,2023,https://boxd.it/5Es775,4,,"w/ mav, '20s",2024-01-21
2024-01-22,Misery,1990,https://boxd.it/5EzrIz,4,,"w/ mav, 90s",2024-01-21
2024-01-22,The Fly,1986,https://boxd.it/5EFXK5,3.5,,"w/ mav, 80s",2024-01-21
2024-01-23,The Exorcist,1973,https://boxd.it/5F1O1f,4.5,Yes,"w/ mav, 70s",2024-01-22
2024-01-23,They Live,1988,https://boxd.it/5F9W7h,3,,80s,2024-01-22
2024-01-24,Spartacus,1960,https://boxd.it/5FrChd,3.5,,60s,2024-01-23
2024-01-24,Apocalypse Now,1979,https://boxd.it/5FE9eF,5,,70s,2024-01-23
2024-01-25,Notorious,1946,https://boxd.it/5FSX5L,4.5,,40s,2024-01-24
2024-01-25,The Birds,1963,https://boxd.it/5FXdIR,3.5,Yes,60s,2024-01-24
2024-01-25,Diabolique,1955,https://boxd.it/5G4nxt,4.5,Yes,50s,2024-01-24
2024-01-25,Repulsion,1965,https://boxd.it/5G86nT,4.5,,60s,2024-01-24
2024-01-26,The Conversation,1974,https://boxd.it/5GlZSt,4,Yes,70s,2024-01-25
2024-01-26,The Night of the Hunter,1955,https://boxd.it/5GpnXX,3,,50s,2024-01-25
2024-01-29,The Menu,2022,https://boxd.it/5HX9M9,3.5,Yes,"w/ mav, '20s",2024-01-28
2024-01-29,Mon Oncle,1958,https://boxd.it/5IaNub,3.5,,"w/ mav, 50s",2024-01-28
2024-01-29,Evil Dead II,1987,https://boxd.it/5IdI8v,4,,"w/ mav, 80s",2024-01-28
2024-01-30,Army of Darkness,1992,https://boxd.it/5IsGzf,3,,"w/ mav, 90s",2024-01-29
2024-01-30,Evil Dead Rise,2023,https://boxd.it/5IwpJF,3.5,,"w/ mav, '20s",2024-01-29
2024-01-30,Aliens,1986,https://boxd.it/5IMEXJ,2.5,,"w/ mav, 80s",2024-01-29
2024-01-30,Alien³,1992,https://boxd.it/5IOYvz,1,,"w/ mav, 90s",2024-01-29
2024-01-31,Star Wars,1977,https://boxd.it/5IY0yj,4.5,,"w/ mav, 70s",2024-01-30
2024-02-01,The Empire Strikes Back,1980,https://boxd.it/5JkiA7,4,,"w/ mav, 80s",2024-01-31
2024-02-01,Return of the Jedi,1983,https://boxd.it/5Jq2mP,4,,"w/ mav, 80s",2024-01-31
2024-02-01,Star Wars: Episode I – The Phantom Menace,1999,https://boxd.it/5JAbB5,2.5,,90s,2024-01-31
2024-02-02,Star Wars: Episode II – Attack of the Clones,2002,https://boxd.it/5JLP5b,2.5,,00s,2024-02-01
2024-02-02,Star Wars: Episode III – Revenge of the Sith,2005,https://boxd.it/5JOIeL,4,,00s,2024-02-01
2024-02-02,Paths of Glory,1957,https://boxd.it/5JYSJT,4.5,,50s,2024-02-01
2024-02-03,Hitchcock,2012,https://boxd.it/5Kevuj,3,,'10s,2024-02-02
2024-02-03,Psycho,1960,https://boxd.it/5Khiah,5,Yes,60s,2024-02-02
2024-02-03,Eyes Wide Shut,1999,https://boxd.it/5Koo0B,4.5,Yes,90s,2024-02-02
2024-02-03,A Clockwork Orange,1971,https://boxd.it/5KsMcp,5,Yes,70s,2024-02-02
2024-02-07,Poor Things,2023,https://boxd.it/5MeZtX,4,,"w/ mav, '20s, cinema",2024-02-06
2024-02-12,The Conversation,1974,https://boxd.it/5OfK6z,4.5,Yes,"w/ mav, 70s",2024-02-10
2024-02-12,Scarface,1983,https://boxd.it/5OskID,5,Yes,"w/ mav, 80s",2024-02-11
2024-02-12,Charade,1963,https://boxd.it/5OAHub,4.5,,"w/ mav, 60s",2024-02-11
2024-02-13,Lost Highway,1997,https://boxd.it/5ORtVr,3.5,,"w/ mav, 90s",2024-02-12
2024-02-13,Charcoal,2022,https://boxd.it/5P3Caj,4,Yes,"w/ mav, '20s",2024-02-12
2024-02-15,World on a Wire,1973,https://boxd.it/5PJxbl,5,,"w/ mav, 70s",2024-02-14
2024-02-15,Life of Brian,1979,https://boxd.it/5PRaod,3.5,,70s,2024-02-14
2024-02-16,Prince of Darkness,1987,https://boxd.it/5Q2Vbn,3.5,,80s,2024-02-15
2024-02-16,In the Mouth of Madness,1994,https://boxd.it/5Q4K1P,4,,90s,2024-02-15
2024-02-16,Incendies,2010,https://boxd.it/5Q8PbD,4,,'10s,2024-02-15
2024-02-16,Dune,2021,https://boxd.it/5Qguj3,3.5,,'20s,2024-02-15
2024-02-17,The Favourite,2018,https://boxd.it/5Qvc3r,3.5,,'10s,2024-02-16
2024-02-18,Prisoners,2013,https://boxd.it/5RlEGl,5,Yes,'10s,2024-02-17
2024-02-19,Shutter Island,2010,https://boxd.it/5RvWBX,4,Yes,'10s,2024-02-18
2024-02-19,The Lighthouse,2019,https://boxd.it/5RvX09,5,Yes,'10s,2024-02-18
2024-02-19,Heaven Knows What,2014,https://boxd.it/5RNZah,3,,'10s,2024-02-18
2024-02-26,Alphaville,1965,https://boxd.it/5UGeAl,3.5,,"60s, w/ mav",2024-02-24
2024-02-27,The Zone of Interest,2023,https://boxd.it/5VvjPx,4,,'20s,2024-02-26
2024-02-29,Inglourious Basterds,2009,https://boxd.it/5WcDvX,5,,00s,2024-02-28
2024-03-03,Dune: Part Two,2024,https://boxd.it/5XAd2x,4.5,,"w/ mav, cinema, '20s",2024-03-02
2024-03-05,Spaceman,2024,https://boxd.it/5YyPyL,3,,'20s,2024-03-04
2024-03-05,Shin Godzilla,2016,https://boxd.it/5YEUKz,3.5,,'10s,2024-03-04
2024-03-07,Spellbound,1945,https://boxd.it/5Zx58z,4,,40s,2024-03-06
2024-03-20,Pi,1998,https://boxd.it/65MDsn,3.5,,90s,2024-03-19
2024-03-28,I Saw the Devil,2010,https://boxd.it/69ox5Z,3.5,,'10s,2024-03-27
2024-03-29,Black Mirror: Bandersnatch,2018,https://boxd.it/69EinV,,,'10s,2024-03-28
2024-03-29,The Nice Guys,2016,https://boxd.it/69MHJX,4,,'10s,2024-03-28
2024-03-31,The Nice Guys,2016,https://boxd.it/6aQEf3,4,Yes,"w/ mav, '10s",2024-03-30
2024-04-01,Long Day's Journey Into Night,2018,https://boxd.it/6be7IT,4.5,,"w/ mav, '10s",2024-03-31
2024-04-01,Burning,2018,https://boxd.it/6bo4Mj,3,,"w/ mav, '10s",2024-03-31
2024-04-05,Hard Labor,2011,https://boxd.it/6d52vl,3.5,,'10s,2024-04-04
2024-04-08,Apocalypse Now,1979,https://boxd.it/6eCJEb,5,Yes,"w/ mav, cinema, 70s",2024-04-07
2024-04-15,What We Do in the Shadows,2014,https://boxd.it/6hkw5j,5,,"w/ mav, '10s",2024-04-14
2024-04-15,Dracula,1931,https://boxd.it/6hpIGh,4,Yes,"w/ mav, 30s",2024-04-14
2024-04-20,Late Night with the Devil,2023,https://boxd.it/6jf5jB,3.5,,"w/ mav, '20s",2024-04-19
2024-04-21,"Paris, Texas",1984,https://boxd.it/6jvFgv,4,,"w/ mav, 80s",2024-04-20
2024-04-21,Perfect Days,2023,https://boxd.it/6jDEsB,4,,"w/ mav, cinema, '20s",2024-04-20
2024-04-21,Incendies,2010,https://boxd.it/6jHWSZ,4,Yes,"w/ mav, '10s",2024-04-20
2024-04-22,Fargo,1996,https://boxd.it/6jYSKh,3,,"w/ mav, 90s",2024-04-21
2024-04-26,Monkey Man,2024,https://boxd.it/6lBfcn,3.5,,'20s,2024-04-25
2024-05-04,The Room,2003,https://boxd.it/6oWucB,0.5,,"w/ mav, 00s",2024-05-03
2024-05-04,The Disaster Artist,2017,https://boxd.it/6p3A9H,4,,"w/ mav, '10s",2024-05-03
2024-05-05,After Hours,1985,https://boxd.it/6pvw1Z,4,Yes,"w/ mav, 80s",2024-05-04
2024-05-06,The House That Jack Built,2018,https://boxd.it/6q4EYZ,4,,"w/ mav, '10s",2024-05-05
2024-05-07,Django Unchained,2012,https://boxd.it/6qrbgP,4.5,,'10s,2024-05-06
2024-05-08,Mean Streets,1973,https://boxd.it/6qSNtL,3,,70s,2024-05-07
2024-05-09,The Revenant,2015,https://boxd.it/6rneTL,3.5,,'10s,2024-05-08
2024-05-10,The Devils,1971,https://boxd.it/6rqVTZ,4,,70s,2024-05-09
2024-05-11,The Shining,1980,https://boxd.it/6s6zs7,5,Yes,"w/ mav, cinema, 80s",2024-05-10
2024-05-11,A Clockwork Orange,1971,https://boxd.it/6s6zCr,5,Yes,"w/ mav, cinema, 70s",2024-05-10
2024-05-11,Full Metal Jacket,1987,https://boxd.it/6s6A6V,3.5,Yes,"w/ mav, cinema, 80s",2024-05-10
2024-05-13,Eyes Wide Shut,1999,https://boxd.it/6sMRIL,5,Yes,"w/ mav, 90s",2024-05-12
2024-05-14,Killer's Kiss,1955,https://boxd.it/6t4lNb,3.5,,50s,2024-05-13
2024-05-16,Shadow of a Doubt,1943,https://boxd.it/6tXb8R,3.5,,40s,2024-05-15
2024-05-19,The Maltese Falcon,1941,https://boxd.it/6uSXWp,3.5,,"w/ mav, 40s",2024-05-18
2024-05-20,Django Unchained,2012,https://boxd.it/6voKFJ,4.5,Yes,"w/ mav, '10s",2024-05-18
2024-05-20,Sunset Boulevard,1950,https://boxd.it/6voLdV,4,,"w/ mav, 50s",2024-05-19
2024-05-21,The Apartment,1960,https://boxd.it/6vLuPp,5,,"w/ mav, 60s",2024-05-19
2024-05-21,The Hateful Eight,2015,https://boxd.it/6vQSTv,4.5,,"w/ mav, '10s",2024-05-20
2024-05-22,Dune: Part Two,2024,https://boxd.it/6weii7,4.5,Yes,"w/ mav, '20s",2024-05-21
2024-05-26,Spellbound,1945,https://boxd.it/6xSbdX,4,Yes,"w/ mav, 40s",2024-05-25
2024-05-27,Persona,1966,https://boxd.it/6ycSNJ,3.5,,"w/ mav, 60s",2024-05-25
2024-05-27,Solaris,1972,https://boxd.it/6yofsB,4,,"w/ mav, 70s",2024-05-26
2024-05-28,Laura,1944,https://boxd.it/6yMw1v,4.5,,"w/ mav, 40s",2024-05-27
2024-05-29,Bunny Lake Is Missing,1965,https://boxd.it/6zljjV,4,,60s,2024-05-28
2024-06-02,The Third Man,1949,https://boxd.it/6AMaY9,5,,"w/ mav, 40s",2024-06-01
2024-06-13,Amadeus,1984,https://boxd.it/6FhHVl,5,Yes,"w/ mav, 80s",2024-06-12
2024-06-14,Blade Runner,1982,https://boxd.it/6FLi39,5,Yes,"w/ mav, 80s, cinema",2024-06-13
2024-06-15,A Quiet Place,2018,https://boxd.it/6FRDNT,3,,"w/ mav, '10s",2024-06-13
2024-06-16,I Saw the TV Glow,2024,https://boxd.it/6GfohL,4,,"w/ mav, '20s",2024-06-14
2024-06-17,Deep Red,1975,https://boxd.it/6GMgNZ,5,,"w/ mav, 70s",2024-06-16
2024-06-18,Close Encounters of the Third Kind,1977,https://boxd.it/6HbqD1,4,,"w/ mav, 70s",2024-06-17
2024-06-19,Blade Runner 2049,2017,https://boxd.it/6HzEch,4,Yes,'10s,2024-06-18
2024-06-19,Problemista,2023,https://boxd.it/6HHAIp,3.5,,'20s,2024-06-18
2024-06-20,Sherlock Jr.,1924,https://boxd.it/6HUvwz,4,,20s,2024-06-19
2024-06-24,North by Northwest,1959,https://boxd.it/6JGDc3,5,Yes,"w/ mav, 50s",2024-06-23
2024-06-27,Ex Machina,2015,https://boxd.it/6KGwXF,4.5,Yes,'10s,2024-06-25
2024-06-28,Jurassic Park,1993,https://boxd.it/6L9e91,3.5,,"w/ mav, 90s",2024-06-27
2024-06-29,In a Violent Nature,2024,https://boxd.it/6LG6Fp,4,,"w/ mav, '20s",2024-06-28
2024-06-30,Friday the 13th,1980,https://boxd.it/6LRt0r,3,,"w/ mav, 80s",2024-06-29
2024-06-30,Raiders of the Lost Ark,1981,https://boxd.it/6M0wHr,3.5,,"w/ mav, 80s",2024-06-29
2024-07-01,A Nightmare on Elm Street,1984,https://boxd.it/6MusBz,4.5,Yes,"w/ mav, 80s",2024-06-30
2024-07-01,A Nightmare on Elm Street Part 2: Freddy's Revenge,1985,https://boxd.it/6MxhPL,3,,"w/ mav, 80s",2024-06-30
2024-07-02,A Nightmare on Elm Street 3: Dream Warriors,1987,https://boxd.it/6MSZGZ,2,,"w/ mav, 80s",2024-07-01
2024-07-03,Wes Craven's New Nightmare,1994,https://boxd.it/6N7D7X,3,,"w/ mav, 90s",2024-07-02
2024-07-03,Evil Dead,2013,https://boxd.it/6NgXWp,4,,"w/ mav, '10s",2024-07-02
2024-07-04,Ren Faire,2024,https://boxd.it/6NF8mZ,4,,"w/ mav, '20s",2024-07-03
2024-07-06,The Devil's Bath,2024,https://boxd.it/6OjAqF,4,,"w/ mav, '20s",2024-07-04
2024-07-06,MaXXXine,2024,https://boxd.it/6OFpMp,2.5,,"w/ mav, '20s, cinema",2024-07-05
2024-07-06,X,2022,https://boxd.it/6OFq3Z,4,Yes,"w/ mav, '20s, cinema",2024-07-05
2024-07-06,Pearl,2022,https://boxd.it/6OFqcx,4,Yes,"w/ mav, '20s, cinema",2024-07-05
2024-07-08,The House of the Devil,2009,https://boxd.it/6PuhqH,4,,"w/ mav, 00s",2024-07-07
2024-07-09,Blow Out,1981,https://boxd.it/6PQ5Jr,4.5,,"w/ mav, 80s",2024-07-08
2024-07-09,Body Double,1984,https://boxd.it/6PQ9PN,3.5,,"w/ mav, 80s",2024-07-08
2024-07-09,Dressed to Kill,1980,https://boxd.it/6PVudl,3.5,,80s,2024-07-08
2024-07-09,Phantom of the Paradise,1974,https://boxd.it/6PY1Nv,4,,70s,2024-07-08
2024-07-09,Some Kind of Heaven,2020,https://boxd.it/6Q2JBB,3.5,,'20s,2024-07-08
2024-07-10,Punch-Drunk Love,2002,https://boxd.it/6QuMuT,4,,00s,2024-07-09
2024-07-11,Boogie Nights,1997,https://boxd.it/6QE3SB,4.5,,90s,2024-07-10
2024-07-11,The Master,2012,https://boxd.it/6QOAJH,3,,'10s,2024-07-10
2024-07-12,Punch-Drunk Love,2002,https://boxd.it/6R8xj7,4.5,Yes,"w/ mav, 00s",2024-07-11
2024-07-14,Inherent Vice,2014,https://boxd.it/6RU2bH,3.5,,"w/ mav, '10s",2024-07-12
2024-07-14,There Will Be Blood,2007,https://boxd.it/6S8OS3,4,,"w/ mav, 00s",2024-07-13
2024-07-15,The 400 Blows,1959,https://boxd.it/6Sy1hf,5,,"w/ mav, cinema, 50s",2024-07-14
2024-07-18,SPERMWORLD,2024,https://boxd.it/6U5uBt,4,,'20s,2024-07-17
2024-07-23,Chime,2024,https://boxd.it/6WiAOR,3,,'20s,2024-07-22
2024-07-23,Kaili Blues,2015,https://boxd.it/6WlDAz,3.5,,'10s,2024-07-22
2024-07-24,The Fog,1980,https://boxd.it/6WzkYl,3.5,,80s,2024-07-23
2024-07-24,Christine,1983,https://boxd.it/6WH0FJ,4,,80s,2024-07-23
2024-07-26,Rush,2013,https://boxd.it/6XDCc7,4,,'10s,2024-07-25
2024-07-28,Titane,2021,https://boxd.it/6YBreh,3.5,,"w/ mav, '20s, cinema",2024-07-27
2024-07-28,Battle Royale,2000,https://boxd.it/6YBsxz,3,,"w/ mav, 00s, cinema",2024-07-27
2024-08-07,Shin Kamen Rider,2023,https://boxd.it/72V9q1,4,,'20s,2024-08-06
2024-08-10,Exhuma,2024,https://boxd.it/74287v,4,,"w/ mav, '20s",2024-08-09
2024-08-11,Uncut Gems,2019,https://boxd.it/74s4Fv,4.5,Yes,"w/ mav, '10s",2024-08-10
2024-08-11,Boogie Nights,1997,https://boxd.it/74DXuJ,5,Yes,"w/ mav, 90s",2024-08-10
2024-08-15,Ran,1985,https://boxd.it/76ksjZ,4,,80s,2024-08-14
2024-08-16,Seven Samurai,1954,https://boxd.it/76IFXB,4,,50s,2024-08-15
2024-08-18,Dreams,1990,https://boxd.it/77zIJ9,4,,"w/ mav, 90s",2024-08-17
2024-08-18,Kwaidan,1964,https://boxd.it/77Gn65,4.5,,"w/ mav, 60s",2024-08-17
2024-08-19,Alien: Romulus,2024,https://boxd.it/78gdqV,4,,"w/ mav, '20s, cinema",2024-08-18
2024-08-25,Prometheus,2012,https://boxd.it/7aYz3l,3,,"w/ mav, '10s",2024-08-24
2024-08-25,Alien: Covenant,2017,https://boxd.it/7aYADf,3.5,,"w/ mav, '10s",2024-08-24
2024-08-26,Bramayugam,2024,https://boxd.it/7bAbBJ,4.5,,"w/ mav, '20s",2024-08-25
2024-09-01,Longlegs,2024,https://boxd.it/7e8TkD,4,,"w/ mav, '20s, cinema",2024-08-31
2024-09-02,Rosemary's Baby,1968,https://boxd.it/7eyyjh,4,Yes,"w/ mav, 60s",2024-08-31
2024-09-05,Where the Sidewalk Ends,1950,https://boxd.it/7fX8U1,4,,50s,2024-09-04
2024-09-07,The Lady Vanishes,1938,https://boxd.it/7gJPMv,3.5,,"w/ mav, cinema, 30s",2024-09-05
2024-09-07,Stage Fright,1950,https://boxd.it/7gJQCr,3,,"w/ mav, 50s, cinema",2024-09-05
2024-09-08,Where the Sidewalk Ends,1950,https://boxd.it/7hxmfH,4,Yes,"w/ mav, 50s",2024-09-07
2024-09-08,Bunny Lake Is Missing,1965,https://boxd.it/7hxmTH,4.5,Yes,"w/ mav, 60s",2024-09-07
2024-09-09,Anatomy of a Murder,1959,https://boxd.it/7i7nRT,4,,50s,2024-09-08
2024-09-15,Force Majeure,2014,https://boxd.it/7kufJr,3.5,,"w/ mav, '10s",2024-09-14
2024-09-16,Manhattan,1979,https://boxd.it/7kWgNZ,3.5,,"w/ mav, 70s",2024-09-15
2024-09-16,The Purple Rose of Cairo,1985,https://boxd.it/7l3pJh,4,,"w/ mav, 80s",2024-09-15
2024-09-19,First Reformed,2017,https://boxd.it/7mgxD7,4.5,,'10s,2024-09-18
2024-09-22,Evil Dead II,1987,https://boxd.it/7nM2gT,4,Yes,80s,2024-09-21
2024-09-23,The Shaggy D.A.,1976,https://boxd.it/7nUaV7,1,,70s,2024-09-21
2024-09-29,The Substance,2024,https://boxd.it/7qKOBj,4,,"w/ mav, '20s, cinema",2024-09-28
2024-09-29,Manhattan Murder Mystery,1993,https://boxd.it/7qKPr5,3.5,,"w/ mav, 90s",2024-09-28
2024-10-05,Apartment 7A,2024,https://boxd.it/7t8TU7,3,,"w/ mav, '20s",2024-10-03
2024-10-06,The Omen,1976,https://boxd.it/7tRK7v,3.5,,"w/ mav, 70s",2024-10-05
2024-10-06,The First Omen,2024,https://boxd.it/7u3fPb,4,,"w/ mav, '20s",2024-10-05
2024-10-08,Beyond the Infinite Two Minutes,2020,https://boxd.it/7vgR2V,4.5,,'20s,2024-10-07
2024-10-09,River,2023,https://boxd.it/7vxrJD,3.5,,'20s,2024-10-08
2024-10-10,Interview with the Vampire,1994,https://boxd.it/7vMvmX,4,,90s,2024-10-09
2024-10-10,Ghost in the Shell,1995,https://boxd.it/7vQZRf,3.5,,90s,2024-10-09
2024-10-10,The Platform 2,2024,https://boxd.it/7vUWal,1.5,,'20s,2024-10-09
2024-10-10,Tour de Pharmacy,2017,https://boxd.it/7vZhhZ,4,,'10s,2024-10-09
2024-10-10,7 Days in Hell,2015,https://boxd.it/7w0khF,3.5,,'10s,2024-10-09
2024-10-12,Westworld,1973,https://boxd.it/7wSr9r,4,,"w/ mav, 70s",2024-10-11
2024-10-13,The Andromeda Strain,1971,https://boxd.it/7xdKVV,4.5,,"w/ mav, 70s",2024-10-12
2024-10-13,Planet of the Apes,1968,https://boxd.it/7xmsdJ,3.5,,"w/ mav, 60s",2024-10-12
2024-10-13,Tour de Pharmacy,2017,https://boxd.it/7xpIqv,4,Yes,"w/ mav, '10s",2024-10-12
2024-10-14,Ikarie XB 1,1963,https://boxd.it/7xMN4v,3,,"w/ mav, 60s",2024-10-13
2024-10-14,Dark City,1998,https://boxd.it/7xVNfL,3.5,,"w/ mav, 90s",2024-10-13
2024-10-18,Grand Prix,1966,https://boxd.it/7zUww7,5,,60s,2024-10-17
2024-10-19,Ace in the Hole,1951,https://boxd.it/7AlshB,4,,"w/ mav, 50s",2024-10-18
2024-10-20,Some Like It Hot,1959,https://boxd.it/7ABB49,5,,"w/ mav, 50s",2024-10-18
2024-10-21,Uzumaki,2024,https://boxd.it/7BDSIt,2.5,,"w/ mav, '20s",2024-10-20
2024-10-22,Foreign Correspondent,1940,https://boxd.it/7C1Fqf,4,,40s,2024-10-21
2024-10-23,Caché,2005,https://boxd.it/7CCret,4.5,,00s,2024-10-22
2024-10-24,The Lives of Others,2006,https://boxd.it/7D4wG9,4.5,,00s,2024-10-23
2024-10-25,Casino,1995,https://boxd.it/7DwETL,5,,"w/ mav, 90s",2024-10-24
2024-10-26,The Discreet Charm of the Bourgeoisie,1972,https://boxd.it/7DUfkz,3,,"w/ mav, 70s",2024-10-25
2024-10-26,Caché,2005,https://boxd.it/7Ec2Ex,4.5,Yes,"w/ mav, 00s",2024-10-25
2024-10-28,GoodFellas,1990,https://boxd.it/7EYmHH,4,,"w/ mav, 90s",2024-10-27
2024-11-09,Network,1976,https://boxd.it/7KYgcH,4,,70s,2024-11-07
2024-11-09,Let the Right One In,2008,https://boxd.it/7L6LQJ,3.5,,00s,2024-11-08
2024-11-10,"The Good, the Bad and the Ugly",1966,https://boxd.it/7LuQ8l,4.5,,60s,2024-11-08
2024-11-10,For a Few Dollars More,1965,https://boxd.it/7LAUbF,4,,60s,2024-11-09
2024-11-11,A Fistful of Dollars,1964,https://boxd.it/7MbfqN,3.5,,60s,2024-11-10
2024-11-14,Martin,1977,https://boxd.it/7NUC7X,3.5,,cinema,2024-11-13
2024-11-15,Picnic at Hanging Rock,1975,https://boxd.it/7O8J9z,4,,70s,2024-11-14
2024-11-17,A Different Man,2024,https://boxd.it/7PnaPJ,4,,'20s,2024-11-16
2024-11-19,Rogue One: A Star Wars Story,2016,https://boxd.it/7QsTul,3.5,,'10s,2024-11-18
2024-11-20,Star Wars: The Force Awakens,2015,https://boxd.it/7QIt73,2,,'10s,2024-11-19
2024-11-20,Star Wars: The Last Jedi,2017,https://boxd.it/7QMpTZ,3,,'10s,2024-11-19
2024-11-20,Star Wars: The Rise of Skywalker,2019,https://boxd.it/7QY9lV,2.5,,'10s,2024-11-19
2024-11-21,Halloween II,1981,https://boxd.it/7RdXA7,3.5,,80s,2024-11-20
2024-11-21,Halloween III: Season of the Witch,1982,https://boxd.it/7Re0Fp,3,,80s,2024-11-20
2024-11-21,The Last Voyage of the Demeter,2023,https://boxd.it/7RngXH,2.5,,'20s,2024-11-20
2024-11-24,I'm Still Here,2024,https://boxd.it/7SJJd7,4.5,,"w/ mav, cinema, '20s",2024-11-23
2024-11-24,Megalopolis,2024,https://boxd.it/7SZkUR,2.5,,"w/ mav, '20s",2024-11-23
2024-11-25,The Thirteenth Floor,1999,https://boxd.it/7TpZY3,3.5,,"w/ mav, 90s",2024-11-24
2024-11-26,Creepy,2016,https://boxd.it/7TTLMd,4.5,,"w/ mav, '10s",2024-11-25
2024-11-27,The Medium,2021,https://boxd.it/7UePaf,4,,'20s,2024-11-26
2024-11-27,Impetigore,2019,https://boxd.it/7UlvfN,4,,'10s,2024-11-26
2024-11-28,Retribution,2006,https://boxd.it/7UUku3,4,,00s,2024-11-27
2024-11-29,The Red Light Bandit,1968,https://boxd.it/7VfToB,3.5,,60s,2024-11-28
2024-11-29,"São Paulo, Incorporated",1965,https://boxd.it/7VoBe7,4.5,,60s,2024-11-28
2024-11-30,Faust,1926,https://boxd.it/7VUo85,4.5,,20s,2024-11-29
2024-12-03,Death Proof,2007,https://boxd.it/7XmOc3,3.5,,00s,2024-12-02
2024-12-03,Conclave,2024,https://boxd.it/7XDjUR,4,,'20s,2024-12-02
2024-12-05,In a Lonely Place,1950,https://boxd.it/7YgZ3t,3.5,,50s,2024-12-04
2024-12-05,Casablanca,1942,https://boxd.it/7YgZkp,4,,40s,2024-12-04
2024-12-08,The Lord of the Rings: The War of the Rohirrim,2024,https://boxd.it/7ZxkHb,3.5,,"w/ mav, cinema, '20s",2024-12-06
2024-12-10,Dracula,1979,https://boxd.it/80ZfOB,4,,70s,2024-12-09
2024-12-11,Indiana Jones and the Temple of Doom,1984,https://boxd.it/81m4tN,2.5,,80s,2024-12-10
2024-12-11,Indiana Jones and the Last Crusade,1989,https://boxd.it/81m587,3,,80s,2024-12-10
2024-12-12,Ed Wood,1994,https://boxd.it/81TN9f,4.5,,90s,2024-12-11
2024-12-27,Pulse,2001,https://boxd.it/8b3B2R,3.5,,"w/ mav, 00s",2024-12-26
2025-01-04,Nosferatu,2024,https://boxd.it/8ie9UV,4.5,,"w/ mav, cinema, '20s",2025-01-02
2025-01-05,Akira,1988,https://boxd.it/8jrVHF,3.5,,80s,2025-01-03
2025-01-06,Suspicion,1941,https://boxd.it/8kH3ob,3.5,,"w/ mav, 40s",2025-01-05
2025-01-06,Marnie,1964,https://boxd.it/8l8jKV,3,,"w/ mav, 60s",2025-01-05
2025-01-08,Nosferatu,2024,https://boxd.it/8mov1z,4.5,Yes,"w/ mav, cinema, '20s",2025-01-06
2025-01-08,I Confess,1953,https://boxd.it/8movyN,4,,50s,2025-01-06
2025-01-09,Mr. Arkadin,1955,https://boxd.it/8nklqF,4,,50s,2025-01-08
2025-01-09,The Stranger,1946,https://boxd.it/8nqsyj,4,,40s,2025-01-08
2025-01-09,Touch of Evil,1958,https://boxd.it/8nFbCD,4,,50s,2025-01-08
2025-01-12,Four Flies on Grey Velvet,1971,https://boxd.it/8qxZ19,4,,"w/ mav, 70s",2025-01-10
2025-01-12,The Bird with the Crystal Plumage,1970,https://boxd.it/8qy49x,4,,"w/ mav, 70s",2025-01-11
2025-01-12,Tenebre,1982,https://boxd.it/8qJ28p,3.5,,"w/ mav, 80s",2025-01-11
2025-01-12,Opera,1987,https://boxd.it/8r65ap,3.5,,"w/ mav, 80s",2025-01-11
2025-01-13,Trafic,1971,https://boxd.it/8s6Q27,4.5,,"w/ mav, 70s",2025-01-12
2025-01-14,Deep Red,1975,https://boxd.it/8t8ieL,5,Yes,"w/ mav, 70s",2025-01-13
2025-01-20,Until the End of the World,1991,https://boxd.it/8xPbGF,5,,"w/ mav, 90s",2025-01-19
2025-01-24,Golem,1980,https://boxd.it/8Aup5X,2.5,,70s,2025-01-23
2025-01-24,The War of the Worlds: Next Century,1981,https://boxd.it/8AupCH,3,,80s,2025-01-23
2025-01-25,Conclave,2024,https://boxd.it/8Btqqz,4,Yes,"w/ mav, '20s",2025-01-24
2025-01-25,A Different Man,2024,https://boxd.it/8BtrKl,4,Yes,"w/ mav, '20s",2025-01-24
2025-01-26,Cloud,2024,https://boxd.it/8BVFGj,3.5,,"w/ mav, '20s",2025-01-25
2025-01-26,Juror #2,2024,https://boxd.it/8CgeR7,4,,"w/ mav, '20s",2025-01-25
2025-01-27,Heretic,2024,https://boxd.it/8CIrTB,2.5,,"w/ mav, '20s",2025-01-25
2025-01-27,The Girl with the Needle,2024,https://boxd.it/8DeAEz,5,,"w/ mav, '20s",2025-01-26
2025-01-28,Green Porno,2008,https://boxd.it/8DB329,,,"w/ mav, 00s",2025-01-26
2025-01-28,Godland,2022,https://boxd.it/8DTyAR,3.5,,'20s,2025-01-27
2025-01-28,Toll,2023,https://boxd.it/8DZZfD,4,,'20s,2025-01-27
2025-01-28,Motel Destino,2024,https://boxd.it/8E94ph,4,,'20s,2025-01-27
2025-01-29,Shine Your Eyes,2020,https://boxd.it/8En0xJ,4,,'20s,2025-01-28
2025-01-30,Wife of a Spy,2020,https://boxd.it/8FpO4P,4,,'20s,2025-01-29
2025-02-02,Dune,1984,https://boxd.it/8H4cbJ,3,,"w/ mav, 80s",2025-01-31
2025-02-02,The Seed of the Sacred Fig,2024,https://boxd.it/8Hky69,4,,"w/ mav, '20s",2025-02-01
2025-02-02,Charisma,1999,https://boxd.it/8HxoB3,4,,90s,2025-02-01
2025-02-03,Tokyo Sonata,2008,https://boxd.it/8I9ONl,3.5,,"w/ mav, 00s",2025-02-02
2025-02-04,Martha,1974,https://boxd.it/8IJOA9,4,,70s,2025-02-02
2025-02-24,The Brutalist,2024,https://boxd.it/8VLk9j,4.5,,"w/ mav, '20s, cinema",2025-02-22
2025-03-02,Grand Prix,1966,https://boxd.it/8ZD8e7,5,Yes,"w/ mav, 60s",2025-02-28
2025-03-02,Blood and Black Lace,1964,https://boxd.it/8ZDeeH,4.5,,"w/ mav, 60s",2025-03-01
2025-03-03,Black Sunday,1960,https://boxd.it/900pir,4.5,,"w/ mav, 60s",2025-03-01
2025-03-05,"Kill, Baby... Kill!",1966,https://boxd.it/91vO1L,3,,"w/ mav, 60s",2025-03-03
2025-03-05,Black Sabbath,1963,https://boxd.it/91vOX1,4,,"w/ mav, 60s",2025-03-04
2025-03-05,A Bay of Blood,1971,https://boxd.it/91BXdj,4,,"w/ mav, 70s",2025-03-04
2025-03-05,Grand Theft Hamlet,2024,https://boxd.it/91KoYH,4,,'20s,2025-03-04
2025-03-06,Branded to Kill,1967,https://boxd.it/92n61P,4,,60s,2025-03-05
2025-03-07,Kuroneko,1968,https://boxd.it/92BWWL,5,,60s,2025-03-06
2025-03-25,Shine Your Eyes,2020,https://boxd.it/9dGpN1,4.5,Yes,w/ mav,2025-03-23
2025-03-26,The Beasts,2022,https://boxd.it/9eAWg7,4,,'20s,2025-03-25
2025-03-26,Naked Lunch,1991,https://boxd.it/9eAXZx,3,,90s,2025-03-25
2025-03-27,Videodrome,1983,https://boxd.it/9eLqYD,4,,80s,2025-03-26
2025-03-27,Veronika Voss,1982,https://boxd.it/9eQ0xr,4,,80s,2025-03-26
2025-03-31,Dead Talents Society,2024,https://boxd.it/9gW8uv,4,,"w/ mav, '20s",2025-03-29
2025-04-14,Twin Peaks: Fire Walk with Me,1992,https://boxd.it/9oSxHj,4,,"w/ mav, 90s",2025-04-12
2025-04-23,Despair,1978,https://boxd.it/9uJLNB,3.5,,"w/ mav, 70s",2025-04-21
2025-04-26,Macbeth,1971,https://boxd.it/9wn8wZ,4.5,,"w/ mav, 70s",2025-04-25
2025-04-27,The Fearless Vampire Killers,1967,https://boxd.it/9x3dIv,4,,"w/ mav, 60s",2025-04-26
2025-04-28,The Saragossa Manuscript,1965,https://boxd.it/9xznKF,4.5,,"w/ mav, 60s",2025-04-27
2025-04-28,The Exterminating Angel,1962,https://boxd.it/9xI0uR,4,,"w/ mav, 60s",2025-04-27
2025-05-01,Love & Saucers,2017,https://boxd.it/9yYAAd,4,,'10s,2025-04-30
2025-05-01,The Velvet Underground,2021,https://boxd.it/9zfOdh,5,,'20s,2025-04-30
2025-05-06,SPERMWORLD,2024,https://boxd.it/9CdePR,4,Yes,"w/ mav, '20s",2025-05-03
2025-05-06,The 39 Steps,1935,https://boxd.it/9CdhAv,3.5,,"w/ mav, 30s",2025-05-05
2025-05-11,Foreign Correspondent,1940,https://boxd.it/9F7atH,4,Yes,"w/ mav, 40s",2025-05-10
2025-05-11,Rope,1948,https://boxd.it/9F7bbp,4,Yes,"w/ mav, 40s",2025-05-10
2025-05-13,Under Capricorn,1949,https://boxd.it/9G8DXR,4,,"w/ mav, 40s",2025-05-12
2025-05-14,The Wrong Man,1956,https://boxd.it/9GERPL,4,,50s,2025-05-13
2025-05-18,The Girl Who Knew Too Much,1963,https://boxd.it/9IXeCJ,4.5,,"w/ mav, 60s",2025-05-17
2025-05-19,Your Vice Is a Locked Room and Only I Have the Key,1972,https://boxd.it/9JGU5d,3,,"w/ mav, 70s",2025-05-18
2025-05-19,The Strange Vice of Mrs Wardh,1971,https://boxd.it/9JGUxr,4.5,,"w/ mav, 70s",2025-05-18
2025-05-20,What Have You Done to Solange?,1972,https://boxd.it/9K6bQF,3.5,,"w/ mav, 70s",2025-05-19
2025-05-20,All the Colours of the Dark,1972,https://boxd.it/9KptUX,4,,70s,2025-05-19
2025-05-25,All the Colours of the Dark,1972,https://boxd.it/9NgYMp,5,Yes,"w/ mav, 70s",2025-05-24
2025-05-26,In the Mood for Love,2000,https://boxd.it/9NPfWJ,4,,"w/ mav, 00s, cinema",2025-05-25
2025-06-01,"Basic Sanitation, the Movie",2007,https://boxd.it/9Rxmnh,4,,"w/ mav, 00s, cinema",2025-05-31
2025-06-02,Sinners,2025,https://boxd.it/9Sssyf,4,,"w/ mav, '20s",2025-06-01
2025-06-11,Wild at Heart,1990,https://boxd.it/9XPWmJ,4,,90s,2025-06-10
2025-06-12,eXistenZ,1999,https://boxd.it/9Ydoh9,3.5,,90s,2025-06-10
2025-06-12,Scanners,1981,https://boxd.it/9Yz133,3.5,,"w/ mav, 80s",2025-06-11
2025-06-23,Minority Report,2002,https://boxd.it/a5NOw5,4,,00s,2025-06-22
2025-06-23,Total Recall,1990,https://boxd.it/a5SMaV,3.5,,90s,2025-06-22
2025-06-26,Kamikaze '89,1982,https://boxd.it/a7y8OT,3.5,,80s,2025-06-25
2025-06-27,Chinese Roulette,1976,https://boxd.it/a8gwWF,3,,"w/ mav, 70s, cinema",2025-06-26
2025-06-28,Hatchet for the Honeymoon,1970,https://boxd.it/a8ySkz,3.5,,70s,2025-06-26
2025-06-28,The Case of the Scorpion's Tail,1971,https://boxd.it/a8yW9b,3.5,,70s,2025-06-26
2025-07-01,Baron Blood,1972,https://boxd.it/ab7stD,3.5,,70s,2025-06-30
2025-07-02,Antichrist,2009,https://boxd.it/abI0gl,3.5,,00s,2025-07-01
2025-07-03,August in the Water,1995,https://boxd.it/acjpuB,4.5,,90s,2025-07-02
2025-07-12,The Snows of Kilimanjaro,2011,https://boxd.it/aihvLD,3.5,,"w/ mav, '10s",2025-07-10
2025-07-12,Angel Dust,1994,https://boxd.it/aihzG3,4,,90s,2025-07-10
2025-07-12,Throne of Blood,1957,https://boxd.it/aiNuzP,4,,50s,2025-07-11
2025-07-14,For Love and Gold,1966,https://boxd.it/akn4av,4,,60s,2025-07-13
2025-07-15,Witchhammer,1970,https://boxd.it/akHFU1,5,,70s,2025-07-13
2025-07-15,Onibaba,1964,https://boxd.it/alfRpR,4,,60s,2025-07-14
2025-07-17,Weekend of a Champion,1972,https://boxd.it/amjUHr,4,,70s,2025-07-16
2025-07-17,Excitation,1977,https://boxd.it/amEQ8z,4,,70s,2025-07-16
2025-07-18,Loved and Abused,1976,https://boxd.it/amTt37,3.5,,70s,2025-07-16
2025-07-18,Enigma for Demons,1975,https://boxd.it/an2Qq7,4,,70s,2025-07-17
2025-07-19,At Midnight I'll Take Your Soul,1964,https://boxd.it/anAakT,4,,60s,2025-07-17
2025-07-19,This Night I'll Possess Your Corpse,1967,https://boxd.it/ao3maT,5,,60s,2025-07-18
2025-07-19,The Awakening of the Beast,1970,https://boxd.it/ao3mHj,4,,70s,2025-07-18
2025-07-19,The Strange World of Coffin Joe,1968,https://boxd.it/ao70YF,3.5,,60s,2025-07-18
2025-07-20,The Bloody Exorcism of Coffin Joe,1974,https://boxd.it/aoRxWJ,4,,70s,2025-07-19
2025-07-21,Daughters of Fire,1978,https://boxd.it/apFGvd,3.5,,"w/ mav, 70s, cinema",2025-07-20
2025-07-21,Kuroneko,1968,https://boxd.it/apFHId,5,Yes,"w/ mav, 60s, cinema",2025-07-20
2025-07-22,Five Dolls for an August Moon,1970,https://boxd.it/aqDK1r,4,,"w/ mav, 70s",2025-07-21
2025-07-22,The Sign of Scorpio,1974,https://boxd.it/aqDPKr,3.5,,"70s, w/ mav",2025-07-21
2025-07-24,Viy,1967,https://boxd.it/arRT9h,4.5,,"w/ mav, 60s",2025-07-23
2025-07-24,Evenings on a Farm near Dikanka,1961,https://boxd.it/as6ErP,3.5,,"w/ mav, 60s",2025-07-23
2025-07-25,Road to Crime,1954,https://boxd.it/asulyP,4,,"w/ mav, 50s",2025-07-24
2025-07-25,The Big Heat,1953,https://boxd.it/asRyTR,4,,50s,2025-07-24
2025-07-25,The Naked City,1948,https://boxd.it/asY04f,4,,40s,2025-07-24
2025-07-29,Le Mans,1971,https://boxd.it/avXQqR,4,,70s,2025-07-27
2025-08-11,Short Night of Glass Dolls,1971,https://boxd.it/aG9gZZ,4,,70s,2025-08-09
2025-08-11,A Lizard in a Woman's Skin,1971,https://boxd.it/aG9hnd,3.5,,70s,2025-08-09
2025-08-11,Weapons,2025,https://boxd.it/aGGRod,3.5,,"w/ mav, '20s, cinema",2025-08-10
2025-08-18,Torso,1973,https://boxd.it/aM1zPR,3.5,,"w/ mav, 70s",2025-08-17
2025-08-19,Eddington,2025,https://boxd.it/aMvDZB,3.5,,"w/ mav, '20s",2025-08-18
2025-08-23,War of the Worlds,2025,https://boxd.it/aPj2I7,0.5,,'20s,2025-08-22
2025-08-24,F1,2025,https://boxd.it/aPGUfJ,3.5,,'20s,2025-08-22
2025-08-25,Magnolia,1999,https://boxd.it/aQvIPd,4.5,,"w/ mav, 90s",2025-08-23
2025-08-25,Licorice Pizza,2021,https://boxd.it/aQvJkv,4,,"w/ mav, '20s",2025-08-23
2025-08-25,Phantom Thread,2017,https://boxd.it/aQInEp,3.5,,"w/ mav, '10s",2025-08-24
2025-08-25,Hard Eight,1996,https://boxd.it/aQUyLF,4,,90s,2025-08-24
2025-08-25,Eraserhead,1977,https://boxd.it/aR7f8b,3,,70s,2025-08-24
2025-08-26,Heat,1995,https://boxd.it/aRMIQX,4.5,,90s,2025-08-25
2025-08-27,Collateral,2004,https://boxd.it/aS3ss5,4,,00s,2025-08-26
2025-08-31,Wild at Heart,1990,https://boxd.it/aV8P1D,4,Yes,"w/ mav, 90s",2025-08-30
2025-08-31,One on Top of the Other,1969,https://boxd.it/aV8QRv,3.5,,"w/ mav, 60s",2025-08-30
2025-08-31,Mystic River,2003,https://boxd.it/aV8S8R,4,,"w/ mav, 00s",2025-08-30
2025-09-02,Night Moves,1975,https://boxd.it/aWanxT,3.5,,"w/ mav, 70s",2025-08-31
2025-09-04,Hellish Flesh,1977,https://boxd.it/aXQxCn,3.5,,70s,2025-09-03
2025-09-15,Dona Flor and Her Two Husbands,1976,https://boxd.it/b4IHyx,4,,"w/ mav, 70s, cinema",2025-09-14
2025-09-15,The Blue Trail,2025,https://boxd.it/b4IMXx,3,,"w/ mav, '20s, cinema",2025-09-14
2025-09-24,The Fantastic 4: First Steps,2025,https://boxd.it/b9QN4p,3,,"w/ mav, '20s",2025-09-22
2025-09-29,One Battle After Another,2025,https://boxd.it/bdaaUX,4.5,,"w/ mav, '20s, cinema",2025-09-28
2025-10-13,Men and Women,1964,https://boxd.it/blBmXP,3.5,,"w/ mav, 60s",2025-10-11
2025-10-13,Angel of the Night,1974,https://boxd.it/blBsGF,3.5,,"w/ mav, 70s",2025-10-12
2025-10-13,Strange Encounter,1958,https://boxd.it/blU7vp,4,,"w/ mav, 50s",2025-10-12
2025-10-27,Resurrection,2025,https://boxd.it/buOzK7,3.5,,"w/ mav, '20s, cinema, mostrasp",2025-10-25
2025-11-02,Carnival Is Over,2024,https://boxd.it/bzyY3l,4,,"w/ mav, '20s",2025-11-01
2025-11-03,Toll,2023,https://boxd.it/bzQVdD,4,Yes,"w/ mav, '20s",2025-11-01
2025-11-08,The Secret Agent,2025,https://boxd.it/bDp4NZ,4.5,,"w/ mav, '20s, cinema",2025-11-07
2025-11-10,Frankenstein,2025,https://boxd.it/bF9GC7,3.5,,"w/ mav, '20s",2025-11-09
2025-11-15,The Smashing Machine,2025,https://boxd.it/bIpHHL,4,,"w/ mav, '20s",2025-11-14
2025-11-16,The Ugly Stepsister,2025,https://boxd.it/bIWe5z,3.5,,"w/ mav, '20s",2025-11-15
2025-11-16,Fréwaka,2024,https://boxd.it/bJdcsF,4,,"w/ mav, '20s",2025-11-15
2025-11-29,Bugonia,2025,https://boxd.it/bS4Krz,4,,"w/ mav, '20s",2025-11-28
2025-11-30,No Other Choice,2025,https://boxd.it/bSFN3f,4.5,,"w/ mav, '20s",2025-11-29
2025-12-09,It Was Just an Accident,2025,https://boxd.it/bYHevL,4,,"w/ mav, '20s, cinema",2025-12-07
2025-12-21,Wake Up Dead Man,2025,https://boxd.it/c8TIQt,3.5,,"w/ mav, '20s",2025-12-19
2025-12-27,The Masque of the Red Death,1964,https://boxd.it/cfTkSj,4,,"w/ mav, 60s",2025-12-26
2025-12-27,The Pit and the Pendulum,1961,https://boxd.it/cfTomV,4,,60s,2025-12-26
2025-12-29,Spirits of the Dead,1968,https://boxd.it/ciluwV,3,,60s,2025-12-28
2026-01-01,The Criminal Life of Archibaldo de la Cruz,1955,https://boxd.it/cljxcH,4,,"w/ mav, 50s",2025-12-30
2026-01-09,Marty Supreme,2025,https://boxd.it/cx50jF,4.5,,"w/ mav, cinema, '20s",2026-01-08
2026-01-18,Hamnet,2025,https://boxd.it/cGWjWX,4,,"w/ mav, '20s, cinema",2026-01-17
2026-01-19,A Própria Carne,2025,https://boxd.it/cHWYSh,2.5,,"w/ mav, '20s",2026-01-18
2026-01-19,The Things You Kill,2025,https://boxd.it/cIlxs7,3.5,,"w/ mav, '20s",2026-01-18
2026-01-26,"São Paulo, Incorporated",1965,https://boxd.it/cPp59n,5,Yes,"w/ mav, 60s",2026-01-25
2026-01-26,Same Old West,2024,https://boxd.it/cPpacL,4,,"w/ mav, '20s",2026-01-25
2026-01-26,The Next Victim,1983,https://boxd.it/cPFln3,4,,"w/ mav, 80s",2026-01-25
2026-01-30,The Whip and the Body,1963,https://boxd.it/cTuopb,3.5,,"w/ mav, cinema, 60s",2026-01-28
2026-02-01,O Fabuloso Fittipaldi,1973,https://boxd.it/cVEZfZ,3.5,,"w/ mav, 70s, cinema",2026-01-31
2026-02-01,King of the Night,1975,https://boxd.it/cVF3An,3.5,,"w/ mav, 70s, cinema",2026-01-31
2026-02-17,Attack on Titan: THE LAST ATTACK,2024,https://boxd.it/darxjt,4,,"w/ mav, '20s",2026-02-16
2026-02-22,Soylent Green,1973,https://boxd.it/dfgAJR,4,,"w/ mav, 70s",2026-02-21
2026-03-02,Howl's Moving Castle,2004,https://boxd.it/dmraHb,4,,"w/ mav, 00s, cinema",2026-02-28
2026-03-21,Wings of Desire,1987,https://boxd.it/dBjAX9,4,,"w/ mav, 80s, cinema",2026-03-19
2026-03-22,Project Hail Mary,2026,https://boxd.it/dCFeTx,3.5,,"w/ mav, cinema, '20s",2026-03-21
2026-03-22,Return to Silent Hill,2026,https://boxd.it/dCLBe5,0.5,,'20s,2026-03-21
