Date,Name,Year,Letterboxd URI,Rating
2022-07-31,Parasite,2019,https://boxd.it/hTha,5
2022-07-31,Jojo Rabbit,2019,https://boxd.it/iEBG,4
2022-07-31,Ford v Ferrari,2019,https://boxd.it/ce74,3.5
2022-07-31,The Hobbit: The Battle of the Five Armies,2014,https://boxd.it/43aU,3.5
2022-08-27,Us,2019,https://boxd.it/gnV6,4
2022-09-09,The Truman Show,1998,https://boxd.it/18U8,4
2022-09-11,The Killing of a Sacred Deer,2017,https://boxd.it/dZ5G,4
2022-09-12,The Shining,1980,https://boxd.it/29Nu,5
2022-10-11,mother!,2017,https://boxd.it/dgRU,4
2022-10-15,Suspiria,1977,https://boxd.it/1SNW,3
2022-10-17,Rosemary's Baby,1968,https://boxd.it/29zM,4
2022-10-18,The Lord of the Rings: The Fellowship of the Ring,2001,https://boxd.it/2b5O,5
2022-10-19,A Ghost Story,2017,https://boxd.it/fb0K,4
2022-10-20,The Lighthouse,2019,https://boxd.it/icFU,5
2022-10-22,Blade Runner,1982,https://boxd.it/2bcA,5
2022-11-13,Hereditary,2018,https://boxd.it/hNVe,4.5
2022-11-20,Men,2022,https://boxd.it/tlc0,3
2022-12-12,The King of Comedy,1982,https://boxd.it/2aJS,4
2022-12-16,Enemy,2013,https://boxd.it/5xtO,4
2022-12-19,The White Ribbon,2009,https://boxd.it/17eU,4
2022-12-21,The Green Knight,2021,https://boxd.it/kuy2,3.5
2023-01-08,Stalker,1979,https://boxd.it/28PO,3
2023-01-08,Vertigo,1958,https://boxd.it/2apI,5
2023-01-09,Fresh,2022,https://boxd.it/tCNi,2.5
2023-01-09,Blow-Up,1966,https://boxd.it/2966,2
2023-01-10,Ex Machina,2015,https://boxd.it/7T2k,4.5
2023-01-11,On the Count of Three,2021,https://boxd.it/tbfI,2.5
2023-01-11,The Menu,2022,https://boxd.it/lScm,3.5
2023-01-25,Breathless,1960,https://boxd.it/2aIK,3
2023-01-25,The Holy Mountain,1973,https://boxd.it/20mu,5
2023-01-31,Rear Window,1954,https://boxd.it/2a6Q,4
2023-02-01,The Birds,1963,https://boxd.it/2a6m,3.5
2023-02-04,The Vanishing,1988,https://boxd.it/1ZTW,4.5
2023-02-12,Pearl,2022,https://boxd.it/zPbe,4
2023-02-12,Spree,2020,https://boxd.it/oiiO,2.5
2023-02-12,10 Cloverfield Lane,2016,https://boxd.it/aZiu,3
2023-02-15,Bodies Bodies Bodies,2022,https://boxd.it/iRcE,2.5
2023-03-06,Infinity Pool,2023,https://boxd.it/oPSK,2
2023-03-15,American Psycho,2000,https://boxd.it/28Vs,3
2023-03-19,Triangle of Sadness,2022,https://boxd.it/hXlq,4
2023-03-21,Hour of the Wolf,1968,https://boxd.it/1H9G,3
2023-03-25,Saint Maud,2019,https://boxd.it/l8QA,3
2023-04-09,Get Out,2017,https://boxd.it/eOCm,4.5
2023-04-10,Scream 2,1997,https://boxd.it/24Es,3
2023-04-10,Bram Stoker's Dracula,1992,https://boxd.it/223a,3
2023-04-10,Scream 3,2000,https://boxd.it/24Ei,2.5
2023-04-10,Scream 4,2011,https://boxd.it/Zmc,3.5
2023-04-12,Cocaine Bear,2023,https://boxd.it/ugw2,2.5
2023-04-12,The Platform,2019,https://boxd.it/mUm6,3.5
2023-04-14,Dog Day Afternoon,1975,https://boxd.it/29bg,4
2023-04-23,Barbarian,2022,https://boxd.it/yohi,3
2023-04-24,Scream,2022,https://boxd.it/o0lg,3.5
2023-04-28,The Witch,2015,https://boxd.it/9X0m,4.5
2023-04-29,Scream VI,2023,https://boxd.it/zdfW,4
2023-04-29,X,2022,https://boxd.it/sxVa,4
2023-05-12,The Social Network,2010,https://boxd.it/17ue,4
2023-05-28,Pulp Fiction,1994,https://boxd.it/29Pq,4
2023-05-29,The Batman,2022,https://boxd.it/eDGs,5
2023-06-01,The Man Who Knew Too Much,1956,https://boxd.it/2a5S,3
2023-06-07,2001: A Space Odyssey,1968,https://boxd.it/2bf0,5
2023-06-07,M,1931,https://boxd.it/29vq,3.5
2023-06-07,Barry Lyndon,1975,https://boxd.it/25A2,5
2023-06-07,The Matrix,1999,https://boxd.it/2a1m,3
2023-06-08,Being John Malkovich,1999,https://boxd.it/2ahu,3.5
2023-06-10,Frenzy,1972,https://boxd.it/2a62,3.5
2023-06-10,Carrie,1976,https://boxd.it/20ZQ,4
2023-06-13,Free Guy,2021,https://boxd.it/k8dm,2
2023-06-13,Night of the Living Dead,1968,https://boxd.it/1WwA,4.5
2023-06-13,Under the Silver Lake,2018,https://boxd.it/dSAs,2
2023-06-24,The Boogeyman,2023,https://boxd.it/jnna,1.5
2023-06-26,Oldboy,2003,https://boxd.it/29R2,4
2023-07-12,BlacKkKlansman,2018,https://boxd.it/hxL8,4.5
2023-07-13,Nope,2022,https://boxd.it/sDCe,3.5
2023-07-15,Harry Potter and the Chamber of Secrets,2002,https://boxd.it/29QI,4
2023-07-15,Harry Potter and the Prisoner of Azkaban,2004,https://boxd.it/29Qy,4
2023-07-15,The Lord of the Rings: The Two Towers,2002,https://boxd.it/2b5E,4.5
2023-07-15,The Life Aquatic with Steve Zissou,2004,https://boxd.it/2aqw,3
2023-07-16,Harry Potter and the Goblet of Fire,2005,https://boxd.it/29Qo,4
2023-07-16,Harry Potter and the Order of the Phoenix,2007,https://boxd.it/29Qe,3.5
2023-07-16,Harry Potter and the Half-Blood Prince,2009,https://boxd.it/29FU,3
2023-07-17,Harry Potter and the Deathly Hallows: Part 1,2010,https://boxd.it/1RYu,3.5
2023-07-17,Harry Potter and the Deathly Hallows: Part 2,2011,https://boxd.it/1RYk,3.5
2023-07-17,The Lord of the Rings: The Return of the King,2003,https://boxd.it/2b5u,5
2023-07-17,The Silence of the Lambs,1991,https://boxd.it/2aHW,3
2023-07-17,Zodiac,2007,https://boxd.it/27MO,4.5
2023-07-17,Se7en,1995,https://boxd.it/29zs,5
2023-07-17,High and Low,1963,https://boxd.it/1RSc,3.5
2023-07-18,The Godfather,1972,https://boxd.it/2aNK,3.5
2023-07-18,The Game,1997,https://boxd.it/26vC,3.5
2023-07-19,Borat: Cultural Learnings of America for Make Benefit Glorious Nation of Kazakhstan,2006,https://boxd.it/2agQ,4
2023-07-19,Fantastic Planet,1973,https://boxd.it/1KnQ,3.5
2023-07-19,Nathan for You: Finding Frances,2017,https://boxd.it/hufy,4.5
2023-07-19,Spider-Man: Across the Spider-Verse,2023,https://boxd.it/kSz4,3.5
2023-07-19,Possession,1981,https://boxd.it/1BPm,4.5
2023-07-19,Gone Girl,2014,https://boxd.it/6hQu,4
2023-07-20,Taxi Driver,1976,https://boxd.it/2b8y,2.5
2023-07-20,Jaws,1975,https://boxd.it/2a5e,4
2023-07-20,The Banshees of Inisherin,2022,https://boxd.it/p7XS,4
2023-07-21,The Northman,2022,https://boxd.it/nK2s,4
2023-07-21,Funny Games,1997,https://boxd.it/1WKM,3.5
2023-07-21,After Hours,1985,https://boxd.it/1VfS,4
2023-07-21,The Texas Chain Saw Massacre,1974,https://boxd.it/1lcS,4
2023-07-21,Scream,1996,https://boxd.it/24EC,4
2023-07-21,Halloween,1978,https://boxd.it/2wRu,4.5
2023-07-23,Dunkirk,2017,https://boxd.it/d0Y6,3
2023-07-25,Decision to Leave,2022,https://boxd.it/qp9e,4.5
2023-07-26,The Handmaiden,2016,https://boxd.it/948A,3.5
2023-07-28,Good Time,2017,https://boxd.it/fcFu,4.5
2023-07-30,Psycho,1960,https://boxd.it/2ab2,5
2023-07-31,Double Indemnity,1944,https://boxd.it/297I,3
2023-07-31,North by Northwest,1959,https://boxd.it/2aRM,5
2023-08-01,To Catch a Thief,1955,https://boxd.it/2avm,3.5
2023-08-01,Spider-Man: Into the Spider-Verse,2018,https://boxd.it/azpY,3
2023-08-01,Spirited Away,2001,https://boxd.it/2b4m,4.5
2023-08-01,Her,2013,https://boxd.it/4O24,4
2023-08-03,Joker,2019,https://boxd.it/h4cS,4
2023-08-28,The Wailing,2016,https://boxd.it/9fLy,4
2023-10-02,Dial M for Murder,1954,https://boxd.it/2adW,4.5
2023-10-02,The Tenant,1976,https://boxd.it/1TKk,3.5
2023-10-02,Fallen Angels,1995,https://boxd.it/1UkW,3
2023-10-13,House,1977,https://boxd.it/1vsm,3
2023-10-13,Talk to Me,2022,https://boxd.it/C6uQ,3
2023-10-13,The Killing,1956,https://boxd.it/2aMi,3.5
2023-10-16,Blue Velvet,1986,https://boxd.it/29BI,3
2023-10-16,No Country for Old Men,2007,https://boxd.it/21ew,4
2023-10-20,Citizen Kane,1941,https://boxd.it/71O,4
2023-10-22,Annihilation,2018,https://boxd.it/9yzm,3
2023-10-23,Arrival,2016,https://boxd.it/aNGk,4
2023-10-23,Invasion of the Body Snatchers,1978,https://boxd.it/1SWk,3
2023-10-23,The Thing,1982,https://boxd.it/294O,4.5
2023-10-24,Chinatown,1974,https://boxd.it/29vU,4
2023-10-24,Prisoners,2013,https://boxd.it/4E5i,5
2023-10-25,A Wolf at the Door,2013,https://boxd.it/6nHy,3.5
2023-10-29,The Invisible Man,1933,https://boxd.it/1VoK,4
2023-10-29,Frankenstein,1931,https://boxd.it/25Te,3.5
2023-10-29,Bride of Frankenstein,1935,https://boxd.it/2aPc,4.5
2023-10-30,Dracula,1958,https://boxd.it/1STA,3
2023-11-01,Dracula,1931,https://boxd.it/2b34,4
2023-11-04,Nosferatu,1922,https://boxd.it/29TM,4
2023-11-04,Shadow of the Vampire,2000,https://boxd.it/1Vb2,3.5
2023-11-09,Nosferatu the Vampyre,1979,https://boxd.it/21J0,4
2023-12-02,Once Upon a Time... in Hollywood,2019,https://boxd.it/gH0O,4
2023-12-03,Amadeus,1984,https://boxd.it/2aH8,5
2023-12-05,Scarface,1983,https://boxd.it/2b7g,5
2023-12-11,Lolita,1962,https://boxd.it/29Ag,3.5
2023-12-11,Rebecca,1940,https://boxd.it/2aQa,3.5
2023-12-23,Mulholland Drive,2001,https://boxd.it/297o,4
2023-12-27,Dream Scenario,2023,https://boxd.it/v2h0,3.5
2023-12-31,The Graduate,1967,https://boxd.it/18Im,3.5
2023-12-31,The Killer,2023,https://boxd.it/u6WE,3
2023-12-31,Clue,1985,https://boxd.it/1MDQ,4
2024-01-01,Chungking Express,1994,https://boxd.it/1UDa,4.5
2024-01-04,The Housemaid,1960,https://boxd.it/WJs,2
2024-01-04,Lady Vengeance,2005,https://boxd.it/248G,2.5
2024-01-05,Bacurau,2019,https://boxd.it/fSUG,4.5
2024-01-05,Bingo: The King of the Mornings,2017,https://boxd.it/fcGs,3.5
2024-01-06,The Hobbit: The Desolation of Smaug,2013,https://boxd.it/nmS,3.5
2024-01-07,Embrace of the Serpent,2015,https://boxd.it/baba,4
2024-01-07,Neighboring Sounds,2012,https://boxd.it/3nzS,2.5
2024-01-15,Society of the Snow,2023,https://boxd.it/y9aw,4
2024-01-15,Godzilla Minus One,2023,https://boxd.it/zu4c,4
2024-01-15,PlayTime,1967,https://boxd.it/1WLK,5
2024-01-15,Reflections of a Blender,2010,https://boxd.it/4YgA,3.5
2024-01-21,Beau Is Afraid,2023,https://boxd.it/u2gE,2
2024-01-21,Fallen Leaves,2023,https://boxd.it/Bgew,2
2024-01-22,When Evil Lurks,2023,https://boxd.it/rXBe,4
2024-01-22,Misery,1990,https://boxd.it/28gY,4
2024-01-23,The Exorcist,1973,https://boxd.it/1Yoo,4.5
2024-01-23,They Live,1988,https://boxd.it/20lm,3
2024-01-24,Spartacus,1960,https://boxd.it/29bq,3.5
2024-01-24,Apocalypse Now,1979,https://boxd.it/6ZS,5
2024-01-25,One Flew Over the Cuckoo's Nest,1975,https://boxd.it/2aeA,5
2024-01-26,The Night of the Hunter,1955,https://boxd.it/25HW,3
2024-01-26,Diabolique,1955,https://boxd.it/29we,4.5
2024-01-29,Mon Oncle,1958,https://boxd.it/2apy,3.5
2024-01-30,The Evil Dead,1981,https://boxd.it/29Go,2
2024-01-30,Army of Darkness,1992,https://boxd.it/29G4,3
2024-01-30,Evil Dead Rise,2023,https://boxd.it/qIvo,3.5
2024-01-30,Alien,1979,https://boxd.it/2awY,4.5
2024-01-30,Aliens,1986,https://boxd.it/29PA,2.5
2024-01-30,Alien³,1992,https://boxd.it/20zS,1
2024-02-01,The Empire Strikes Back,1980,https://boxd.it/27Vw,4
2024-02-01,Return of the Jedi,1983,https://boxd.it/27Vm,4
2024-02-01,Star Wars: Episode I – The Phantom Menace,1999,https://boxd.it/27Vc,2.5
2024-02-02,Star Wars: Episode II – Attack of the Clones,2002,https://boxd.it/27V2,2.5
2024-02-02,Star Wars: Episode III – Revenge of the Sith,2005,https://boxd.it/27US,4
2024-02-02,Dr. Strangelove or: How I Learned to Stop Worrying and Love the Bomb,1964,https://boxd.it/29eY,4
2024-02-03,Hitchcock,2012,https://boxd.it/3LDa,3
2024-02-03,A Clockwork Orange,1971,https://boxd.it/2aVE,5
2024-02-12,Charade,1963,https://boxd.it/23O2,4.5
2024-02-13,Lost Highway,1997,https://boxd.it/29Wc,3.5
2024-02-15,World on a Wire,1973,https://boxd.it/B9me,5
2024-02-15,Life of Brian,1979,https://boxd.it/2a4q,3.5
2024-02-16,Prince of Darkness,1987,https://boxd.it/1ZKq,3.5
2024-02-16,In the Mouth of Madness,1994,https://boxd.it/26vi,4
2024-02-16,The Hobbit: An Unexpected Journey,2012,https://boxd.it/GZk,4
2024-02-16,Incendies,2010,https://boxd.it/Msm,4
2024-02-16,Dune,2021,https://boxd.it/fA7G,3.5
2024-02-17,The Lobster,2015,https://boxd.it/7tnw,3
2024-02-17,The Favourite,2018,https://boxd.it/d2hI,3.5
2024-02-17,Paths of Glory,1957,https://boxd.it/29b6,4.5
2024-02-19,Heaven Knows What,2014,https://boxd.it/8P1a,3
2024-02-26,Alphaville,1965,https://boxd.it/20AG,3.5
2024-02-27,The Zone of Interest,2023,https://boxd.it/gJsA,4
2024-02-29,Inglourious Basterds,2009,https://boxd.it/1JzG,5
2024-03-05,Spaceman,2024,https://boxd.it/nC20,3
2024-03-05,Shin Godzilla,2016,https://boxd.it/a9lm,3.5
2024-03-07,Spellbound,1945,https://boxd.it/24Ji,4
2024-03-20,Pi,1998,https://boxd.it/2ajq,3.5
2024-03-21,Dune: Part Two,2024,https://boxd.it/pUfA,4.5
2024-03-28,I Saw the Devil,2010,https://boxd.it/FaK,3.5
2024-03-29,Porta dos Fundos: Contrato Vitalício,2016,https://boxd.it/dNtG,2.5
2024-03-29,The Nice Guys,2016,https://boxd.it/94Hg,4
2024-04-01,Long Day's Journey Into Night,2018,https://boxd.it/hw1I,4.5
2024-04-01,Burning,2018,https://boxd.it/hHUa,3
2024-04-05,Hard Labor,2011,https://boxd.it/3km2,3.5
2024-04-08,Reservoir Dogs,1992,https://boxd.it/2agc,3
2024-04-20,Late Night with the Devil,2023,https://boxd.it/zo6G,3.5
2024-04-21,"Paris, Texas",1984,https://boxd.it/29Ts,4
2024-04-21,Perfect Days,2023,https://boxd.it/ATh8,4
2024-04-22,Fargo,1996,https://boxd.it/2aHM,3
2024-04-26,Monkey Man,2024,https://boxd.it/kvsO,3.5
2024-05-04,The Room,2003,https://boxd.it/1ICY,0.5
2024-05-04,The Disaster Artist,2017,https://boxd.it/cTqc,4
2024-05-06,The House That Jack Built,2018,https://boxd.it/dWO4,4
2024-05-07,Django Unchained,2012,https://boxd.it/2cCk,4.5
2024-05-08,Mean Streets,1973,https://boxd.it/2aSU,3
2024-05-10,The Devils,1971,https://boxd.it/1inI,4
2024-05-11,Full Metal Jacket,1987,https://boxd.it/2a1Q,3.5
2024-05-14,Killer's Kiss,1955,https://boxd.it/1Xcc,3.5
2024-05-16,Shadow of a Doubt,1943,https://boxd.it/1BtA,3.5
2024-05-19,The Maltese Falcon,1941,https://boxd.it/29c4,3.5
2024-05-20,Sunset Boulevard,1950,https://boxd.it/2a20,4
2024-05-21,The Apartment,1960,https://boxd.it/2aGE,5
2024-05-21,The Hateful Eight,2015,https://boxd.it/8gw8,4.5
2024-05-23,The Cabinet of Dr. Caligari,1920,https://boxd.it/2aOo,5
2024-05-23,Barbie,2023,https://boxd.it/bCLK,3
2024-05-27,Persona,1966,https://boxd.it/29B4,3.5
2024-05-27,Solaris,1972,https://boxd.it/2a2Y,4
2024-05-28,Laura,1944,https://boxd.it/27Oq,4.5
2024-05-28,The Revenant,2015,https://boxd.it/8H5e,3.5
2024-06-02,The Third Man,1949,https://boxd.it/294E,5
2024-06-15,Green Room,2015,https://boxd.it/a75m,3.5
2024-06-15,A Quiet Place,2018,https://boxd.it/fVJQ,3
2024-06-16,I Saw the TV Glow,2024,https://boxd.it/woVe,4
2024-06-18,Close Encounters of the Third Kind,1977,https://boxd.it/29u8,4
2024-06-19,Blade Runner 2049,2017,https://boxd.it/b8wK,4
2024-06-19,Problemista,2023,https://boxd.it/waGO,3.5
2024-06-28,Jurassic Park,1993,https://boxd.it/2aA2,3.5
2024-06-29,In a Violent Nature,2024,https://boxd.it/K5eI,4
2024-06-30,Circle,2015,https://boxd.it/b5So,1
2024-06-30,Raiders of the Lost Ark,1981,https://boxd.it/2bbs,3.5
2024-07-01,Friday the 13th,1980,https://boxd.it/24fs,3
2024-07-01,A Nightmare on Elm Street Part 2: Freddy's Revenge,1985,https://boxd.it/1XiE,3
2024-07-02,A Nightmare on Elm Street,1984,https://boxd.it/2aw0,4.5
2024-07-02,A Nightmare on Elm Street 3: Dream Warriors,1987,https://boxd.it/1X9W,2
2024-07-03,Wes Craven's New Nightmare,1994,https://boxd.it/1TsU,3
2024-07-03,Harry Potter and the Philosopher's Stone,2001,https://boxd.it/29QS,4
2024-07-04,Evil Dead,2013,https://boxd.it/3GPq,4
2024-07-05,Inside,2023,https://boxd.it/AagY,1.5
2024-07-06,The Devil's Bath,2024,https://boxd.it/z7to,4
2024-07-09,Blow Out,1981,https://boxd.it/1TlE,4.5
2024-07-09,Body Double,1984,https://boxd.it/1TGW,3.5
2024-07-09,The House of the Devil,2009,https://boxd.it/1uIe,4
2024-07-09,Dressed to Kill,1980,https://boxd.it/1UO8,3.5
2024-07-09,Phantom of the Paradise,1974,https://boxd.it/1s34,4
2024-07-09,The Conversation,1974,https://boxd.it/2a38,4.5
2024-07-09,Some Kind of Heaven,2020,https://boxd.it/nH7Y,3.5
2024-07-10,Studio 666,2022,https://boxd.it/xPEw,2.5
2024-07-11,Ren Faire,2024,https://boxd.it/MsUc,4
2024-07-11,The Master,2012,https://boxd.it/2cBG,3
2024-07-14,Inherent Vice,2014,https://boxd.it/5hla,3.5
2024-07-14,There Will Be Blood,2007,https://boxd.it/20Z2,4
2024-07-15,The 400 Blows,1959,https://boxd.it/2b1C,5
2024-07-18,SPERMWORLD,2024,https://boxd.it/IE5C,4
2024-07-23,Kaili Blues,2015,https://boxd.it/cksW,3.5
2024-07-24,The Grand Budapest Hotel,2014,https://boxd.it/3ZqO,4.5
2024-07-24,The Fog,1980,https://boxd.it/29Cc,3.5
2024-07-24,Christine,1983,https://boxd.it/1ZRQ,4
2024-07-26,Rush,2013,https://boxd.it/3lyS,4
2024-07-28,Battle Royale,2000,https://boxd.it/25zS,3
2024-08-03,Titane,2021,https://boxd.it/nlQC,3.5
2024-08-07,Chime,2024,https://boxd.it/KiS2,3
2024-08-07,Shin Kamen Rider,2023,https://boxd.it/uDlw,4
2024-08-10,Exhuma,2024,https://boxd.it/vCu0,4
2024-08-11,Uncut Gems,2019,https://boxd.it/gXGc,4.5
2024-08-15,Ran,1985,https://boxd.it/1Tlu,4
2024-08-18,Dreams,1990,https://boxd.it/1ROu,4
2024-08-18,Memories of Murder,2003,https://boxd.it/1TSo,4.5
2024-08-19,Alien: Romulus,2024,https://boxd.it/zGqO,4
2024-08-25,Prometheus,2012,https://boxd.it/2s9e,3
2024-08-25,Alien: Covenant,2017,https://boxd.it/49UY,3.5
2024-08-26,Bramayugam,2024,https://boxd.it/Iekc,4.5
2024-09-01,Longlegs,2024,https://boxd.it/KzLM,4
2024-09-05,Where the Sidewalk Ends,1950,https://boxd.it/1IYq,4
2024-09-07,The Lady Vanishes,1938,https://boxd.it/29ea,3.5
2024-09-07,Stage Fright,1950,https://boxd.it/27Is,3
2024-09-08,Bunny Lake Is Missing,1965,https://boxd.it/27NW,4.5
2024-09-09,Anatomy of a Murder,1959,https://boxd.it/2baa,4
2024-09-15,Force Majeure,2014,https://boxd.it/7UcA,3.5
2024-09-16,Manhattan,1979,https://boxd.it/29Na,3.5
2024-09-16,The Purple Rose of Cairo,1985,https://boxd.it/1VeU,4
2024-09-19,First Reformed,2017,https://boxd.it/go9C,4.5
2024-09-23,The Shaggy D.A.,1976,https://boxd.it/1LaI,1
2024-09-29,The Substance,2024,https://boxd.it/zanS,4
2024-09-29,Manhattan Murder Mystery,1993,https://boxd.it/1Wg8,3.5
2024-10-05,Apartment 7A,2024,https://boxd.it/uock,3
2024-10-05,Evil Dead II,1987,https://boxd.it/29Ge,4
2024-10-06,The Omen,1976,https://boxd.it/29By,3.5
2024-10-06,The First Omen,2024,https://boxd.it/fx08,4
2024-10-08,Beyond the Infinite Two Minutes,2020,https://boxd.it/ujVk,4.5
2024-10-09,River,2023,https://boxd.it/H1sK,3.5
2024-10-10,Interview with the Vampire,1994,https://boxd.it/29XO,4
2024-10-10,The Platform 2,2024,https://boxd.it/Gz88,1.5
2024-10-10,What We Do in the Shadows,2014,https://boxd.it/7eQy,5
2024-10-10,Death Note,2017,https://boxd.it/bOS4,0.5
2024-10-10,Tour de Pharmacy,2017,https://boxd.it/gnxS,4
2024-10-10,7 Days in Hell,2015,https://boxd.it/8VZ6,3.5
2024-10-12,Westworld,1973,https://boxd.it/26RS,4
2024-10-13,The Andromeda Strain,1971,https://boxd.it/1W4Q,4.5
2024-10-13,Planet of the Apes,1968,https://boxd.it/29p8,3.5
2024-10-14,Ikarie XB 1,1963,https://boxd.it/1EzG,3
2024-10-14,Dark City,1998,https://boxd.it/26uk,3.5
2024-10-19,Oppenheimer,2023,https://boxd.it/wUow,3.5
2024-10-19,Ace in the Hole,1951,https://boxd.it/1vXk,4
2024-10-20,Some Like It Hot,1959,https://boxd.it/2aNA,5
2024-10-22,Uzumaki,2024,https://boxd.it/nimO,2.5
2024-10-22,Foreign Correspondent,1940,https://boxd.it/1vlA,4
2024-10-24,Don't Look Up,2021,https://boxd.it/o0Hc,2
2024-10-24,The Lives of Others,2006,https://boxd.it/2a4A,4.5
2024-10-24,Caché,2005,https://boxd.it/2amY,4.5
2024-10-25,Casino,1995,https://boxd.it/2ads,5
2024-10-26,Shutter Island,2010,https://boxd.it/1U82,4
2024-10-26,Killers of the Flower Moon,2023,https://boxd.it/gHp0,4.5
2024-10-26,The Discreet Charm of the Bourgeoisie,1972,https://boxd.it/2440,3
2024-10-28,GoodFellas,1990,https://boxd.it/29FA,4
2024-11-09,Network,1976,https://boxd.it/1VqG,4
2024-11-09,Let the Right One In,2008,https://boxd.it/1Qr0,3.5
2024-11-10,"The Good, the Bad and the Ugly",1966,https://boxd.it/2ape,4.5
2024-11-10,For a Few Dollars More,1965,https://boxd.it/29eu,4
2024-11-11,A Fistful of Dollars,1964,https://boxd.it/2auo,3.5
2024-11-14,Martin,1977,https://boxd.it/1tJ6,3.5
2024-11-15,Picnic at Hanging Rock,1975,https://boxd.it/1UQe,4
2024-11-17,A Different Man,2024,https://boxd.it/BoEC,4
2024-11-19,Star Wars,1977,https://boxd.it/72s,4.5
2024-11-19,Rogue One: A Star Wars Story,2016,https://boxd.it/aPvy,3.5
2024-11-20,Star Wars: The Force Awakens,2015,https://boxd.it/4vru,2
2024-11-20,Star Wars: The Last Jedi,2017,https://boxd.it/5xme,3
2024-11-20,Star Wars: The Rise of Skywalker,2019,https://boxd.it/5xlK,2.5
2024-11-21,Halloween III: Season of the Witch,1982,https://boxd.it/1VFc,3
2024-11-21,Halloween II,1981,https://boxd.it/1UeE,3.5
2024-11-21,The Last Voyage of the Demeter,2023,https://boxd.it/nzTq,2.5
2024-11-24,I'm Still Here,2024,https://boxd.it/BPEO,4.5
2024-11-24,Megalopolis,2024,https://boxd.it/lPBS,2.5
2024-11-25,The Thirteenth Floor,1999,https://boxd.it/294Y,3.5
2024-11-26,Nightcrawler,2014,https://boxd.it/780m,3.5
2024-11-27,Midsommar,2019,https://boxd.it/jhxe,4
2024-11-27,Creepy,2016,https://boxd.it/dfd0,4.5
2024-11-27,Impetigore,2019,https://boxd.it/l1fs,4
2024-11-28,Interstellar,2014,https://boxd.it/4VZ8,4
2024-11-29,The Red Light Bandit,1968,https://boxd.it/5ESQ,3.5
2024-11-30,Faust,1926,https://boxd.it/1Vxi,4.5
2024-12-03,Death Proof,2007,https://boxd.it/27GG,3.5
2024-12-03,Conclave,2024,https://boxd.it/AO8q,4
2024-12-05,In a Lonely Place,1950,https://boxd.it/1JgO,3.5
2024-12-05,Casablanca,1942,https://boxd.it/2aG0,4
2024-12-08,The Lord of the Rings: The War of the Rohirrim,2024,https://boxd.it/vDNs,3.5
2024-12-10,Dracula,1979,https://boxd.it/1fk2,4
2024-12-11,Indiana Jones and the Temple of Doom,1984,https://boxd.it/2bb8,2.5
2024-12-11,Indiana Jones and the Last Crusade,1989,https://boxd.it/2baO,3
2024-12-11,Seven Samurai,1954,https://boxd.it/2axi,4
2024-12-12,Ed Wood,1994,https://boxd.it/2adM,4.5
2024-12-27,Pulse,2001,https://boxd.it/1s3y,3.5
2025-01-03,Sherlock Jr.,1924,https://boxd.it/298m,4
2025-01-04,Nosferatu,2024,https://boxd.it/f5eG,4.5
2025-01-04,Ghost in the Shell,1995,https://boxd.it/1YYc,4
2025-01-05,Akira,1988,https://boxd.it/2b1i,3.5
2025-01-06,Suspicion,1941,https://boxd.it/1TNo,3.5
2025-01-06,Marnie,1964,https://boxd.it/2afe,3
2025-01-08,I Confess,1953,https://boxd.it/1lPK,4
2025-01-09,Mr. Arkadin,1955,https://boxd.it/SZc,4
2025-01-09,The Stranger,1946,https://boxd.it/1DP4,4
2025-01-09,Touch of Evil,1958,https://boxd.it/28II,4
2025-01-12,Four Flies on Grey Velvet,1971,https://boxd.it/1kN4,4
2025-01-12,The Bird with the Crystal Plumage,1970,https://boxd.it/1DDW,4
2025-01-12,Tenebre,1982,https://boxd.it/1mRM,3.5
2025-01-12,Opera,1987,https://boxd.it/1E2M,3.5
2025-01-19,The 40 Year Old Virgin,2005,https://boxd.it/21hK,2.5
2025-01-20,Until the End of the World,1991,https://boxd.it/1WuY,5
2025-01-24,Golem,1980,https://boxd.it/3EiY,2.5
2025-01-24,The War of the Worlds: Next Century,1981,https://boxd.it/5CKq,3
2025-01-27,Juror #2,2024,https://boxd.it/FRwU,4
2025-01-27,The Girl with the Needle,2024,https://boxd.it/KQ3M,5
2025-01-28,Boogie Nights,1997,https://boxd.it/23um,5
2025-01-28,Godland,2022,https://boxd.it/Ag9E,3.5
2025-01-28,Charcoal,2022,https://boxd.it/wVge,4
2025-01-28,Toll,2023,https://boxd.it/yQpO,4
2025-01-28,Motel Destino,2024,https://boxd.it/HXMo,4
2025-01-30,Wife of a Spy,2020,https://boxd.it/pHCc,4
2025-02-02,Dune,1984,https://boxd.it/29tY,3
2025-02-02,The Seed of the Sacred Fig,2024,https://boxd.it/MKo4,4
2025-02-02,Charisma,1999,https://boxd.it/2ogU,4
2025-02-03,Retribution,2006,https://boxd.it/NO4,4
2025-02-03,Tokyo Sonata,2008,https://boxd.it/1ZxQ,3.5
2025-02-04,Martha,1974,https://boxd.it/1Wzu,4
2025-02-24,The Brutalist,2024,https://boxd.it/k4BO,4.5
2025-03-05,"Kill, Baby... Kill!",1966,https://boxd.it/1qnc,3
2025-03-05,Grand Theft Hamlet,2024,https://boxd.it/KUyE,4
2025-03-06,Branded to Kill,1967,https://boxd.it/1HSQ,4
2025-03-07,Kuroneko,1968,https://boxd.it/12mE,5
2025-03-26,Black Sunday,1960,https://boxd.it/1rlG,4.5
2025-03-26,The Wicker Man,1973,https://boxd.it/1KnG,4.5
2025-03-26,The Fly,1986,https://boxd.it/1YIe,4
2025-03-26,The Beasts,2022,https://boxd.it/w1L6,4
2025-03-26,Naked Lunch,1991,https://boxd.it/26ow,3
2025-03-27,Videodrome,1983,https://boxd.it/29uC,4
2025-03-27,Veronika Voss,1982,https://boxd.it/273O,4
2025-03-31,Dead Talents Society,2024,https://boxd.it/C3y6,4
2025-04-14,Twin Peaks: Fire Walk with Me,1992,https://boxd.it/27Qw,4
2025-04-28,Despair,1978,https://boxd.it/XtA,3.5
2025-04-28,The Fearless Vampire Killers,1967,https://boxd.it/25Ri,4
2025-04-28,The Saragossa Manuscript,1965,https://boxd.it/1ZPA,4.5
2025-04-28,The Exterminating Angel,1962,https://boxd.it/1nRS,4
2025-04-29,The Medium,2021,https://boxd.it/s0oi,4
2025-04-30,Love & Saucers,2017,https://boxd.it/g3NQ,4
2025-05-01,The Velvet Underground,2021,https://boxd.it/jPXA,5
2025-05-05,The 39 Steps,1935,https://boxd.it/2aKc,3.5
2025-05-05,Strangers on a Train,1951,https://boxd.it/29tk,5
2025-05-05,Notorious,1946,https://boxd.it/2aDK,4.5
2025-05-12,Rope,1948,https://boxd.it/28yo,4
2025-05-12,Under Capricorn,1949,https://boxd.it/24J8,4
2025-05-13,The Wrong Man,1956,https://boxd.it/1AqK,4
2025-05-14,Repulsion,1965,https://boxd.it/1TKu,4.5
2025-05-18,Deep Red,1975,https://boxd.it/1E1E,5
2025-05-18,Blood and Black Lace,1964,https://boxd.it/1qme,4.5
2025-05-18,Your Vice Is a Locked Room and Only I Have the Key,1972,https://boxd.it/2uT4,3
2025-05-18,The Strange Vice of Mrs Wardh,1971,https://boxd.it/1kkw,4.5
2025-05-19,What Have You Done to Solange?,1972,https://boxd.it/21uY,3.5
2025-05-25,MaXXXine,2024,https://boxd.it/CIM4,2.5
2025-05-26,In the Mood for Love,2000,https://boxd.it/29tE,4
2025-06-01,"Basic Sanitation, the Movie",2007,https://boxd.it/1oC,4
2025-06-02,Sinners,2025,https://boxd.it/KQMM,4
2025-06-11,Wild at Heart,1990,https://boxd.it/2aii,4
2025-06-12,eXistenZ,1999,https://boxd.it/27Ni,3.5
2025-06-12,Scanners,1981,https://boxd.it/1YqE,3.5
2025-06-23,Minority Report,2002,https://boxd.it/2aWi,4
2025-06-23,Total Recall,1990,https://boxd.it/29qK,3.5
2025-06-26,Kamikaze '89,1982,https://boxd.it/1RAM,3.5
2025-06-27,Chinese Roulette,1976,https://boxd.it/1b2I,3
2025-06-28,Hatchet for the Honeymoon,1970,https://boxd.it/1qn2,3.5
2025-06-28,Trafic,1971,https://boxd.it/1TZu,4.5
2025-07-01,Black Sabbath,1963,https://boxd.it/1qoa,4
2025-07-01,A Bay of Blood,1971,https://boxd.it/232i,4
2025-07-01,Baron Blood,1972,https://boxd.it/232s,3.5
2025-07-02,Antichrist,2009,https://boxd.it/1Inu,3.5
2025-07-03,August in the Water,1995,https://boxd.it/3xQE,4.5
2025-07-08,Cure,1997,https://boxd.it/1blA,4.5
2025-07-09,Eyes Wide Shut,1999,https://boxd.it/2axs,5
2025-07-12,The Snows of Kilimanjaro,2011,https://boxd.it/3duI,3.5
2025-07-12,Angel Dust,1994,https://boxd.it/1esa,4
2025-07-12,Throne of Blood,1957,https://boxd.it/251w,4
2025-07-14,Monty Python and the Holy Grail,1975,https://boxd.it/29GI,5
2025-07-14,For Love and Gold,1966,https://boxd.it/1yIs,4
2025-07-15,Witchhammer,1970,https://boxd.it/akE,5
2025-07-15,Macbeth,1971,https://boxd.it/1U9k,4.5
2025-07-15,The Case of the Scorpion's Tail,1971,https://boxd.it/1JDI,3.5
2025-07-15,Onibaba,1964,https://boxd.it/252a,4
2025-07-16,Cloud,2024,https://boxd.it/LhR0,3.5
2025-07-17,Weekend of a Champion,1972,https://boxd.it/5UF4,4
2025-07-17,Grand Prix,1966,https://boxd.it/1DzK,5
2025-07-17,Excitation,1977,https://boxd.it/5SPG,4
2025-07-18,Loved and Abused,1976,https://boxd.it/5SPQ,3.5
2025-07-18,Enigma for Demons,1975,https://boxd.it/c9GS,4
2025-07-19,At Midnight I'll Take Your Soul,1964,https://boxd.it/1kje,4
2025-07-19,The Awakening of the Beast,1970,https://boxd.it/3d62,4
2025-07-19,The Strange World of Coffin Joe,1968,https://boxd.it/3CAc,3.5
2025-07-20,The Bloody Exorcism of Coffin Joe,1974,https://boxd.it/4bha,4
2025-07-21,Daughters of Fire,1978,https://boxd.it/5Tfu,3.5
2025-07-22,Five Dolls for an August Moon,1970,https://boxd.it/1qmS,4
2025-07-22,The Sign of Scorpio,1974,https://boxd.it/6jmQ,3.5
2025-07-24,Viy,1967,https://boxd.it/nd2,4.5
2025-07-24,All the Colours of the Dark,1972,https://boxd.it/1kkQ,5
2025-07-24,Evenings on a Farm near Dikanka,1961,https://boxd.it/2VK4,3.5
2025-07-25,Road to Crime,1954,https://boxd.it/3Psg,4
2025-07-25,The Big Heat,1953,https://boxd.it/1NNM,4
2025-07-25,The Naked City,1948,https://boxd.it/1DpU,4
2025-07-29,Le Mans,1971,https://boxd.it/22lo,4
2025-08-11,Short Night of Glass Dolls,1971,https://boxd.it/12K2,4
2025-08-11,A Lizard in a Woman's Skin,1971,https://boxd.it/9Sq,3.5
2025-08-11,Heretic,2024,https://boxd.it/H1lY,2.5
2025-08-18,Torso,1973,https://boxd.it/1iGg,3.5
2025-08-19,Eddington,2025,https://boxd.it/o6MC,3.5
2025-08-23,Diary of a Wimpy Kid,2010,https://boxd.it/1fUa,3
2025-08-23,Diary of a Wimpy Kid: Rodrick Rules,2011,https://boxd.it/gm2,3.5
2025-08-23,Diary of a Wimpy Kid: Dog Days,2012,https://boxd.it/2TG0,4
2025-08-23,War of the Worlds,2025,https://boxd.it/so0a,0.5
2025-08-24,F1,2025,https://boxd.it/yjVM,3.5
2025-08-24,Punch-Drunk Love,2002,https://boxd.it/20E4,4.5
2025-08-25,Magnolia,1999,https://boxd.it/2aze,4.5
2025-08-25,Licorice Pizza,2021,https://boxd.it/qTKY,4
2025-08-25,Phantom Thread,2017,https://boxd.it/e4uc,3.5
2025-08-25,Hard Eight,1996,https://boxd.it/20DU,4
2025-08-25,Eraserhead,1977,https://boxd.it/299u,3
2025-08-26,The Ballad of Buster Scruggs,2018,https://boxd.it/jB2q,3
2025-08-26,Heat,1995,https://boxd.it/2bg8,4.5
2025-08-27,Collateral,2004,https://boxd.it/28F0,4
2025-08-30,Weapons,2025,https://boxd.it/EMTM,3.5
2025-08-31,One on Top of the Other,1969,https://boxd.it/2wys,3.5
2025-08-31,Mystic River,2003,https://boxd.it/2aAG,4
2025-09-02,Night Moves,1975,https://boxd.it/1hRM,3.5
2025-09-04,Hellish Flesh,1977,https://boxd.it/3Nua,3.5
2025-09-15,Dona Flor and Her Two Husbands,1976,https://boxd.it/Xpo,4
2025-09-15,The Blue Trail,2025,https://boxd.it/IrKi,3
2025-09-24,The Fantastic 4: First Steps,2025,https://boxd.it/mP6C,3
2025-09-29,One Battle After Another,2025,https://boxd.it/DUHM,4.5
2025-09-30,"The French Dispatch of the Liberty, Kansas Evening Sun",2021,https://boxd.it/jLP8,4.5
2025-10-01,Everything Everywhere All at Once,2022,https://boxd.it/jUk4,4
2025-10-13,Men and Women,1964,https://boxd.it/5T8e,3.5
2025-10-13,Angel of the Night,1974,https://boxd.it/5T6M,3.5
2025-10-13,Strange Encounter,1958,https://boxd.it/5T8o,4
2025-10-24,Kwaidan,1964,https://boxd.it/1kbY,4.5
2025-10-27,Resurrection,2025,https://boxd.it/x9DG,3.5
2025-11-02,Carnival Is Over,2024,https://boxd.it/GbAC,4
2025-11-02,Shine Your Eyes,2020,https://boxd.it/opwI,4.5
2025-11-02,This Night I'll Possess Your Corpse,1967,https://boxd.it/1kj4,5
2025-11-08,The Secret Agent,2025,https://boxd.it/KkUE,4.5
2025-11-10,Frankenstein,2025,https://boxd.it/Ecsg,3.5
2025-11-15,The Smashing Machine,2025,https://boxd.it/syUC,4
2025-11-16,The Ugly Stepsister,2025,https://boxd.it/MZBM,3.5
2025-11-16,Fréwaka,2024,https://boxd.it/J7CA,4
2025-11-29,Poor Things,2023,https://boxd.it/tNWU,4
2025-11-29,Bugonia,2025,https://boxd.it/qeWY,4
2025-11-30,No Other Choice,2025,https://boxd.it/nKiA,4.5
2025-12-09,It Was Just an Accident,2025,https://boxd.it/TX2k,4
2025-12-21,Wake Up Dead Man,2025,https://boxd.it/uAKS,3.5
2025-12-27,The Masque of the Red Death,1964,https://boxd.it/1w12,4
2025-12-27,The Pit and the Pendulum,1961,https://boxd.it/1prM,4
2025-12-29,Spirits of the Dead,1968,https://boxd.it/ZTg,3
2026-01-01,The Criminal Life of Archibaldo de la Cruz,1955,https://boxd.it/17Ty,4
2026-01-09,Marty Supreme,2025,https://boxd.it/Off0,4.5
2026-01-18,Hamnet,2025,https://boxd.it/woVy,4
2026-01-19,A Própria Carne,2025,https://boxd.it/Q9Rw,2.5
2026-01-19,The Things You Kill,2025,https://boxd.it/BQC0,3.5
2026-01-26,"São Paulo, Incorporated",1965,https://boxd.it/2BaA,5
2026-01-26,Same Old West,2024,https://boxd.it/OapE,4
2026-01-26,The Next Victim,1983,https://boxd.it/ahCA,4
2026-01-30,The Whip and the Body,1963,https://boxd.it/1rl2,3.5
2026-01-30,The Girl Who Knew Too Much,1963,https://boxd.it/1qou,4.5
2026-02-01,O Fabuloso Fittipaldi,1973,https://boxd.it/d7M2,3.5
2026-02-01,King of the Night,1975,https://boxd.it/7Q4s,3.5
2026-02-17,Attack on Titan: THE LAST ATTACK,2024,https://boxd.it/PgDE,4
2026-02-22,Soylent Green,1973,https://boxd.it/1SxE,4
2026-03-02,Howl's Moving Castle,2004,https://boxd.it/23De,4
2026-03-21,Wings of Desire,1987,https://boxd.it/2b26,4
2026-03-22,Project Hail Mary,2026,https://boxd.it/pEeQ,3.5
2026-03-22,Return to Silent Hill,2026,https://boxd.it/po3C,0.5
